COMPANY NAME,NAME,RAZÓN SOCIAL,RUT,Dirección Facturación,Dirección Despacho,Comuna Despacho,Región Despacho,Horario Despacho,Precio Caja,diasCredito,Orden de compra (SI O NO),Unidad/Caja,EMAIL PEDIDO,EMAIL FACTURA,CENTRO DE NEGOCIOS ,VENDEDOR 
ZOKO Gourmet,ZOKO Gourmet,ZOKO GOURMET SPA,77.732.169-2,LUIS CRUZ MARTINEZ 42,RETIRO,Santo Domingo,Valparaíso,,"$78,960",30,,CAJA,, sibylle.awe.e20@gmail.com,VENTAS ,FJAMIS
Z Gourmet,Z Gourmet,COMERCIAL Z GOURMET MARKET SPA,77.338.481-9,AV LOS TRAPENSES 3235,av camino los trapenses 3235,Lo Barnechea,Santiago,10:30 - 20:00,"$78,960",30,,CAJA,,catalina.smith@zgourmet.cl,VENTAS ,FJAMIS
yokono,yokono,EMPRESA GASTRONOMICA YOKONO LIMITADA,76.086.052-2,AV PROVIDENCIA 2220,av providencia 2220,Providencia,Santiago,08:30 - 15:00,"$78,960",1,,CAJA,,karen@yokono.cl ,VENTAS ,FJAMIS
Unimarc,Unimarc Las Tranqueras,SOCIAL RENDIC HERMANOS S.A.,81.537.600-5,Cerro El Plomo 5680 Piso 11,las tranqueras (vitacura 8400),Vitacura,Santiago,07:30 - 12:00,"$81,576",30,Revisar OC,CAJA,,atencionpyme@smu.cl,VENTAS ,FNASSAR
Unimarc,Unimarc Militares,SOCIAL RENDIC HERMANOS S.A.,81.537.600-5,Cerro El Plomo 5680 Piso 11,los militares (avda manquehue norte 457),Las Condes,Santiago,07:30 - 12:00,"$81,576",30,Revisar OC,CAJA,,atencionpyme@smu.cl,VENTAS ,FNASSAR
Unimarc,Unimarc Los Trapenses,SOCIAL RENDIC HERMANOS S.A.,81.537.600-5,Cerro El Plomo 5680 Piso 11,los trapenses (av jose alcalde delano 10497),Lo Barnechea,Santiago,07:30 - 12:00,"$81,576",30,Revisar OC,CAJA,,atencionpyme@smu.cl,VENTAS ,FNASSAR
Unimarc,Unimarc Santa Maria,SOCIAL RENDIC HERMANOS S.A.,81.537.600-5,Cerro El Plomo 5680 Piso 11,santa maria (av santa maria 6940),Vitacura,Santiago,07:30 - 12:00,"$81,576",30,Revisar OC,CAJA,,atencionpyme@smu.cl,VENTAS ,FNASSAR
Tu Market,Tu Market,MINIMARKET CORNEJO MORA SPA ,77.439.127-4,HAMBURGO 991,hamburgo 991,Ñuñoa ,Santiago,09:00 - 15:00,"$78,960",30,,CAJA,,Jorge@tumarketchile.cl ,VENTAS ,FJAMIS
Tremus,Tremus,EMPRESA DE PRODUCTOS SALUDABLES SPA ,76.851.659-6,AV CHICUREO 1920,carretera general san martín 8400 - Bodegas Megaflex,Colina,Santiago,9:00 - 17.30 (viernes 16 hs),"$78,960",30,Revisar OC,CAJA,,gestioncompras@tremus.cl ,VENTAS ,FJAMIS
Tottus CD,Tottus CD,HIPERMERCADOS TOTTUS SA,78.627.210-6,Calle Americo Vespucio 350,calle saladillo # 303,Quilicura,Santiago,07:00 - 10:00,"$68,568",30,Revisar OC,CAJA,,pagoproveedores@tottus.cl,VENTAS ,FNASSAR
Tostaduría HInostroza,Tostaduría HInostroza,JOSE DAVID BILBAO RIVAS,13.921.395-5,ELIODORO YAÑEZ 2308,eliodoro yañez 2308 (entrada por suecia),Providencia,Santiago,09:00 - 19:00,"$78,960",30,,CAJA,,bilbao.almacenes@gmail.com,VENTAS ,FJAMIS
Tienda Huerto Pucalán,Tienda Huerto Pucalán,KOTERRA SPA,76.443.737-3,Carlos Ibáñez del Campo 42.,av méxico 9290,La Florida,Santiago,Hasta 19:00 hs,"$78,960",1,,CAJA,,tiendahuertopucalan@gmail.com,VENTAS ,FJAMIS
The Market,The Market,THE PICK MARKET CHILE SPA,76.546.921-k,AV FRANCICO DE AGUIRRE 3570,francisco de aguirre 3570,Vitacura,Santiago,08:30 - 19:00,"$78,960",30,,CAJA,,javiera@themarketchile.cl,VENTAS ,FJAMIS
The Corner Market,The Corner Market,INVERSIONES ROSVAL LIMITADA,76.509.702-9,AV CRISTOBAL COLON 4102,av cristóbal colón 4202,Las Condes,Santiago,Hasta las 15 hs,"$78,960",30,,CAJA,,rossana@rosval.cl,VENTAS ,FJAMIS
Tea Connection,Tea Connection Parque Arauco,TEA CONNECTION SOCIEDAD ANÓNIMA,76.270.296-7,Pedro de Valdivia 0129,avenida kennedy 5413 local 364 b,Vitacura,Santiago,07:00 - 12:00,"$78,960",30,,CAJA,,Genesis@teaconnection.cl,VENTAS ,FERNANDO ALID
Tea Connection,Tea Connection Isidora,TEA CONNECTION SOCIEDAD ANÓNIMA,76.270.296-7,Pedro de Valdivia 0129,isidora goyenechea #3185,Las Condes,Santiago,07:00 - 11:00,"$78,960",30,,CAJA,,Genesis@teaconnection.cl,VENTAS ,FERNANDO ALID
Tea Connection,Tea Connection Pedro de Valdivia,TEA CONNECTION SOCIEDAD ANÓNIMA ,76.270.296-7,Pedro de Valdivia 0129,pedro de valdivia 0129,Providencia,Santiago,8:00 - 13:00 y 16:00 - 18:00,"$78,960",30,,CAJA,,Genesis@teaconnection.cl,VENTAS ,FERNANDO ALID
Sushi Home,Sushi Home,INVERSIONES GASTRONOMICAS Y EVENTOS GARDILCIC HERMANOS LIMITADA,76.528.945-9,Av. Central 191,av central 191,Reñaca,Valparaíso,12:30 - 19:00,"$78,960",30,,CAJA,,eduardog@sushihome.cl ,VENTAS ,FJAMIS
StreetWrap Vitacura,StreetWrap Vitacura,SERVIOS DE ALIMENTACION SANKA SPA,76.717.626-0, AV LO HERRAZURIZ 4434 ARGOLEDA,av vitacura 7588,Vitacura,Santiago,10:00 - 20:00,"$75,600",30,,CAJA,,<streetwrap.vitacura@gmail.com>,VENTAS ,FJAMIS
StreetWrap Viña del Mar,StreetWrap Viña del Mar,INVERSIONES FAMILAR SPA,78.021.104-0,1 poniente 724 entre 8 y 9 norte,1 poniente 724 entre 8 y 9 norte,Viña del Mar,Valparaíso,09:00 - 22:00,"$75,600",30,,CAJA,,streetwrapvinadelmar@gmail.com,CONCEPCION ,FJAMIS
StreetWrap Santiago Centro,StreetWrap Santiago Centro,GASTRONÓMICA CIMAS DE LOS ANDES SPA ,77.805.351-9,CATEDRAL 1275,catedral 1275,Santiago Centro,Santiago,10:00 - 20:00,"$75,600",NOTA DE VENTA,,CAJA,,streetwrap1275@gmail.com,VENTAS ,FJAMIS
StreetWrap San Miguel,StreetWrap San Miguel,GASTRONÓMICA ARC SPA,78.000.184-4,Gran Avenida Jose Miguel Carrera 4311 local 103,gran avenida jose miguel carrera 4311 local 103,San Miguel,Santiago,10:00 - 20:00,$75.600,30,,CAJA,,arc.gastronomica@gmail.com,VENTAS ,FJAMIS
StreetWrap Reñaca,StreetWrap Reñaca,GG&FVM 2 SPA,77.804.261-4,AV BORGOÑO 14770,av borgoño 14770 local 6,Reñaca,Valparaíso,9 a 11:30 o 14 a 18 hrs,"$75,600",30,,CAJA,,inversionesggfvm@gmail.com,VENTAS ,FJAMIS
StreetWrap Peñalolén,StreetWrap Peñalolén,GASTRONÓMICA ÁGUILAS DE PEÑALOLÉN SPA,77.833.401-1,TOBALABA 1217,av tobalaba 12175 local 102a,Peñalolén,Santiago,10:00 - 20:00,"$75,600",7,,CAJA,,maguila@armetalspa.cl,VENTAS ,FJAMIS
StreetWrap Ossa,StreetWrap Ossa,INVERSIONES DZ SPA,77.748.491-5,AV OSSA 1400,av ossa 1400 4b,Ñuñoa,Santiago,10:00 - 19:00,"$75,600",30,,CAJA,,lgdinamarcam@gmail.com,VENTAS ,FJAMIS
StreetWrap Macul,StreetWrap Macul,VGV SPA,78.000.735-4,AV. Macul 3019 local 5,av macul 3019 local 5,Macul,Santiago,10:00 - 18:00,"$75,600",1,,CAJA,,<swmacul@gmail.com>,VENTAS ,FJAMIS
StreetWrap La Florida,StreetWrap La Florida,INVERSIONES ANDES GROUP SPA,77.859.955-4,AV LA FLORIDA 6990,av la florida 9660 local 5,La Florida,Santiago,11:00 - 17:00,"$75,600",30,,CAJA,,streetwraplaflorida@gmail.com,VENTAS ,FJAMIS
StreetWrap Huechuraba,StreetWrap Huechuraba,GONI SPA,77.894.524-K,Av. Pedro Fontova 6651,av pedro fontova 6651 local 24,Huechuraba,Santiago,10:00 - 20:00,"$75,600",7,,CAJA,,jpsauterel@gmail.com,VENTAS ,FJAMIS
StreetWrap Providencia,StreetWrap Providencia ,INVERSIONES ICT SPA,77.447.277-0,LOS LEONES 952,av los leones 952,Providencia,Santiago,10:00 - 20:00,"$75,600",30,,CAJA,,Streetwrap.providencia@gmail.com,VENTAS ,FJAMIS
StreetWrap Las Condes,StreetWrap Las Condes,INVERSIONES ICT SPA,77.447.277-0,LOS LEONES 953,flor de azucena 15,Las Condes,Santiago,10:00 - 20:00,"$75,600",30,,CAJA,,Streetwrap.providencia@gmail.com,VENTAS ,FJAMIS
StreetWrap Ñuñoa,StreetWrap Ñuñoa,INVERSIONES MAI SPA,77.778.797-7,JOSE DOMINGO CAÑAS 2151,jose domingo cañas 2151 local b,Ñuñoa,Santiago,09:00 - 17:00,"$75,600",30,,CAJA,,Streetwrap.nunoa@gmail.com,VENTAS ,FJAMIS
StopMarket,StopMarket,COMERCIAL JAPA LIMITADA,77.727.212-8,ELIODORO YAÑEZ 2295,eliodoro yañez 2955,Providencia,Santiago,10:00 - 18:00,"$78,960",30,,CAJA,,Comercialjapaltda@gmail.com,VENTAS ,FJAMIS
St Giovanni's Alonso,St Giovanni's Alonso,ST GIOVANNIS RISTORANTE SPA,77.936.465-8,Alonso de Cordova 3875 Local 1,alonso de cordova 3875 local 1,Vitacura,Santiago,10:00 - 22:00,"$78,960",30,,CAJA,,contacto@stgiovannis.cl,VENTAS ,FJAMIS
St Giovanni's Sanzio,St Giovanni's Sanzio,ST GIOVANNIS RISTORANTE SPA,77.936.465-8,Alonso de Cordova 3875 Local 1,rafael sanzio 209,Las Condes,Santiago,11:00 - 20:00,"$78,960",30,,CAJA,,contacto@stgiovannis.cl ,VENTAS ,FJAMIS
Spot Meat,Spot Meat,KYM SPA,76.598.624-9,Avda. Lo Espejo N°01565 calle 7 sur bodega 705,"avda lo espejo n°01565 calle 7 sur, bodega 705",Lo Espejo,Santiago,8 a 10.30 hs,"$71,760",1,,CAJA,,<kymspa7@gmail.com>,VENTAS ,FJAMIS
Shawerma.cl,Shawerma.cl,SERVICIOS GASTRONÓMICOS JUAN PABLO SARRAS PICHARA E.I.R.L.,76.443.216-9,CERRO ARENALES 871,cerro arenales 871,Las Condes,Santiago,09:00 - 20:00,"$78,960",1,,CAJA,,ventas@shawerma.cl ,VENTAS ,FJAMIS
Sano Market,Sano Market,SANO MARKET SPA,76.743.736-6,Providencia 2601 local 17,av providencia 2601 local 18,Providencia,Santiago,10:00 - 20:00,"$78,960",30,,CAJA,,contacto@sanomarket.cl,VENTAS ,FJAMIS
Sahtein Market,Sahtein Market,MINIMARKET SAHTEIN SPA,76.466.641-0,AV KENNEDY 7925,av kennedy 7925,Las Condes,Santiago,10:00 - 20:00,"$78,960",30,,CAJA,,info@sahtein.cl,VENTAS ,FJAMIS
Sahtein Limeño El Golf,Sahtein Limeño El Golf,GONZALO ZERENE Y COMPANIA LIMITADA ,77.113.730-K,PRESIDENTE RIESCO 3192,presidente riesco 3192,Las Condes,Santiago,11:30 - 20:00,"$78,960",7,,CAJA,,gzerene@comidomi.cl ,VENTAS ,FJAMIS
RYB Hermanos,RYB Hermanos,R & B HERMANOS LIMITADA,76.359.693-1,Av Ignacio Carrera Pinto S/N,av ignacio carrera pinto s/n,Vichuquen,Maule,,"$78,960",1,,CAJA,,luzfran.rb@gmail.com,VENTAS ,FJAMIS
Roof Burger Vitacura,Roof Burger Vitacura,INVERSIONES ROOF VITACURA LIMITADA,77.159.078-0,VITACURA 7125,av vitacura 7125,Vitacura,Santiago,12:00 - 20:00,"$78,960",30,,CAJA,,orfalimauricio@gmail.com,VENTAS ,FJAMIS
Roof Burger Viña,Roof Burger Viña,SOCIEDAD GASTRONÓMICA ROOF BURGER LIMITADA,76.510.326-6,4 PONIENTE 506,6 norte 309 esquina 4 poniente,Viña del Mar,Valparaíso,12:00 - 20:00,"$78,960",30,,CAJA,,orfalimauricio@gmail.com,VENTAS ,FJAMIS
Rienda Suelta MUT,Rienda Suelta MUT,RIENDA MUT SPA,77.741.174-8,Mercado Urbano Tobalaba piso -2 local 201,av apoquindo 2730 mercado urbano tobalaba piso -2 local 201,Las Condes,Santiago,10.30 a 17.30 hs,"$78,960",1,,CAJA,,oliverbeyzaga00@gmail.com,VENTAS ,FJAMIS
Rienda Suelta,Rienda Suelta,CARNES RIENDA SUELTA SPA,77.187.019-8,Amapolas 1272,amapolas 1272,Providencia,Santiago,10:00 - 19:00,"$78,960",30,,CAJA,,Asepulvedaden@gmail.com,VENTAS ,FNASSAR
Republica Charcutera,Republica Charcutera,READY PACKAGING CHILE SPA,77.878.697-4,"Geronimo de Alderete 1100, local 3",geronimo de alderete 1100 local 3,Vitacura,Santiago,10:00 - 18:00,$78.960,1,,CAJA,,contacto@republicacharcutera.cl,VENTAS ,FJAMIS
Refrigerato Peñaflor ,Refrigerato Peñaflor ,COMERCIALIZADORA Y DISTRIBUIDORA REFRIGERATO LIMITADA,77.171.531-1,ARTURO PRAT 02,arturo prat 02,Peñaflor,Santiago,10:00 - 18:00,"$78,960",30,,CAJA,,leslie.espinoza@refrigerato.cl,VENTAS ,FJAMIS
RC Banquetería,RC Banquetería,RC BANQUETERIA SPA ,76.712.907-6,Rosario Norte 555 of 806,juan xxiii 6616,Vitacura,Santiago,08:30 - 16:00,"$78,960",1,,CAJA,,isabelm@rivascorrea.com,VENTAS ,FJAMIS
Rappi Turbo,Turbo Consistorial,MOUSTACHE BEAMS SPA,77.393.795-9,BALMORAL 309,av consistorial 2119,Peñalolen,Santiago,08:30 - 17:00,"$67,200",30,Revisar OC,CAJA,,pedro.prieto@rappi.com,VENTAS ,FNASSAR
Rappi Turbo,Turbo Estación Central,MOUSTACHE BEAMS SPA,77.393.795-8,BALMORAL 309,av gladys marín millie 5773,Estación Central,Santiago,08:30 - 17:00,"$67,200",30,Revisar OC,CAJA,,pedro.prieto@rappi.com,VENTAS ,FNASSAR
Rappi Turbo,Turbo Viña,MOUSTACHE BEAMS SPA,77.393.795-8,BALMORAL 309,av valparaíso 1165,Viña del Mar,Valparaíso,08:30 - 17:00,"$67,200",30,Revisar OC,CAJA,,pedro.prieto@rappi.com,VENTAS ,FNASSAR
Rappi Turbo,Turbo La Dehesa,MOUSTACHE BEAMS SPA,77.393.795-8,BALMORAL 309,avenida la dehesa 1450,Lo Barnechea,Santiago,08:30 - 17:00,"$67,200",30,Revisar OC,CAJA,,pedro.prieto@rappi.com,VENTAS ,FNASSAR
Rappi Turbo,Turbo La Florida,MOUSTACHE BEAMS SPA,77.393.795-8,BALMORAL 309,avenida la florida 9073 local 5,La Florida,Santiago,08:30 - 17:00,"$67,200",30,Revisar OC,CAJA,,pedro.prieto@rappi.com,VENTAS ,FNASSAR
Rappi Turbo,Turbo Padre Hurtado,MOUSTACHE BEAMS SPA,77.393.795-8,BALMORAL 309,avenida padre hurtado 1233,Vitacura,Santiago,08:30 - 17:00,"$67,200",30,Revisar OC,CAJA,,pedro.prieto@rappi.com,VENTAS ,FNASSAR
Rappi Turbo,Turbo Recoleta,MOUSTACHE BEAMS SPA,77.393.795-8,BALMORAL 309,avenida recoleta 560 local 4,Recoleta,Santiago,08:30 - 17:00,"$67,200",30,Revisar OC,CAJA,,pedro.prieto@rappi.com,VENTAS ,FNASSAR
Rappi Turbo,Turbo Vitacura,MOUSTACHE BEAMS SPA,77.393.795-8,BALMORAL 309,avenida vitacura 4607 locales 27 y 28,Vitacura,Santiago,08:30 - 17:00,"$67,200",30,Revisar OC,CAJA,,pedro.prieto@rappi.com,VENTAS ,FNASSAR
Rappi Turbo,Turbo Balmoral,MOUSTACHE BEAMS SPA,77.393.795-8,BALMORAL 309,balmoral 309 local 12,Las Condes,Santiago,08:30 - 17:00,"$67,200",30,Revisar OC,CAJA,,pedro.prieto@rappi.com,VENTAS ,FNASSAR
Rappi Turbo,Turbo Chile España ,MOUSTACHE BEAMS SPA,77.393.795-8,BALMORAL 309,chile españa 3110,Ñuñoa,Santiago,08:30 - 17:00,"$67,200",30,Revisar OC,CAJA,,pedro.prieto@rappi.com,VENTAS ,FNASSAR
Rappi Turbo,Turbo Bustamante,MOUSTACHE BEAMS SPA,77.393.795-8,BALMORAL 309,irarrázaval 200 ñuñoa local 102,Ñuñoa,Santiago,08:30 - 17:00,"$67,200",30,Revisar OC,CAJA,,pedro.prieto@rappi.com,VENTAS ,FNASSAR
Rappi Turbo,Turbo Lo Fontecilla,MOUSTACHE BEAMS SPA,77.393.795-8,BALMORAL 309,lo fontecilla 201 local 4,Las Condes,Santiago,08:30 - 17:00,"$67,200",30,Revisar OC,CAJA,,pedro.prieto@rappi.com,VENTAS ,FNASSAR
Rappi Turbo,Turbo PDG,MOUSTACHE BEAMS SPA,77.393.795-8,BALMORAL 309,príncipe de gales 7138,La Reina,Santiago,08:30 - 17:00,"$67,200",30,Revisar OC,CAJA,,pedro.prieto@rappi.com,VENTAS ,FNASSAR
Rappi Turbo,Turbo Principe de Gales,MOUSTACHE BEAMS SPA,77.393.795-8,BALMORAL 309,príncipe de gales 7138,La Reina,Santiago,08:30 - 17:00,"$67,200",30,Revisar OC,CAJA,,pedro.prieto@rappi.com,VENTAS ,FNASSAR
Rappi Turbo,Turbo Foster,MOUSTACHE BEAMS SPA,77.393.795-8,BALMORAL 309,roger de flor 2950,Las Condes,Santiago,08:30 - 17:00,"$67,200",30,Revisar OC,CAJA,,pedro.prieto@rappi.com,VENTAS ,FNASSAR
Rappi Turbo,Turbo Roger de Flor,MOUSTACHE BEAMS SPA,77.393.795-8,BALMORAL 309,roger de flor 2950,Las Condes,Santiago,08:30 - 17:00,"$67,200",30,Revisar OC,CAJA,,pedro.prieto@rappi.com,VENTAS ,FNASSAR
Radici Stadio Italiano,Radici Stadio Italiano,RADICI SPA,76.725.508-K,AVENIDA APOQUINDO 6589,esteban dell orto 6670,Las Condes,Santiago,09:00 - 15:00,$78.960,30,,CAJA,,cristian@radici.cl,VENTAS ,FJAMIS
Pura Vida Matanzas,Pura Vida Matanzas,PURA VIDA MATANZAS SPA,77.868.299-0,CENTINELA,centinela sn,Navidad,Ohiggins,,"$78,960",1,,CAJA,,puravidamatanzas@gmail.com,VENTAS ,FJAMIS
Puerto Ensenada,Puerto Ensenada,PUERTO ENSENADA SPA,77.474.048-1,Presbítero Eduardo Lecourt 012. Local 11,presbítero eduardo lecourt 012 local 11,Villa Alemana,Valparaíso,9:00 a 14:30 y 15:00 a 21:00 horas,"$78,960",30,,CAJA,,contacto@puertoensenada.cl,VENTAS ,FJAMIS
Proveduría Los Linderos,Proveduría Los Linderos,BERNARDITA VARAS VALDES,11.624.915-4,PANAMERICANA SUR,RETIRO,Buin,Santiago,-,"$78,960",1,,CAJA,,Emporioazul.bazar@gmail.com,VENTAS ,FJAMIS
Productos Sin Gluten El Pueblo,Productos Sin Gluten El Pueblo,FERNANDEZ Y ORTIZ LTDA,76.322.465-1,,avportugal 1566,Santiago Centro,Santiago,9:00 a 17.30,"$78,960",CHEQUE,,CAJA,,productossinglutenelpueblo@gmail.com ,VENTAS ,FJAMIS
Pizzería Popular Salvador,Pizzería Popular Salvador,ECO DE LOS ANDES SPA,76.708.747-0,AV. SALVADOR 857- PROVIDENCIA,av salvador 857,Providencia,Santiago,10:00 - 17:00,"$78,960",1,,CAJA,,julioss.yeka@gmail.com,VENTAS ,FJAMIS
Pizzeria Capri Vitacura,Pizzeria Capri Vitacura,INVERSIONES Y ALIMENTOS NICOLAS EUGENIO SAAVEDRA GONZALEZ E.I.R.L. ,77.213.642-0,Geronimo de Alderete 1423. local 4. Vitacura,geronimo de alderete 1423 local 4,Vitacura,Santiago,12:00 - 16:00 o 17:00 - 22:00,"$78,960",30,,CAJA,,nicolas@pizzeriacapri.cl ,VENTAS ,FJAMIS
Pizzería Capri Lo Barnechea ,Pizzería Capri Lo Barnechea ,GRUPO SAETA SPA,77.634.728-0,EL RODEO 13052,el rodeo 13052,Lo Barnechea,Santiago,10:00 - 22:00,"$78,960",30,,CAJA,,contacto.pizzeriacapri@gmail.com ,VENTAS ,FJAMIS
Piano Market Ossa,Piano Market Vespucio,INVERSIONES AW SPA,76.979.038-1,Av Vespucio Sur 1650,av américo vespucio sur 1650,Las Condes,Santiago,08:00 - 17:00,"$78,960",30,,CAJA,,pmelej@pianomarket.cl,VENTAS ,FJAMIS
PIano Market Padre Hurtado,Piano Market Padre Hurtado,INVERSIONES AW SPA,76.979.038-1,Av Vespucio Sur 1650,padre hurtado norte 77,Las Condes,Santiago,08:00 - 17:00,"$78,960",30,,CAJA,,pmelej@pianomarket.cl,VENTAS ,FJAMIS
Peya Market,Peya Market Peñalolen,DELIVERY HERO STORES CHILE SPA,77.125.361-K,Av. Las Condes 11415,altos del parque sur 5800,Peñalolen,Santiago,09:00 - 15:00,"$71,760",30,Revisar OC,CAJA,,mariajose@grupocentral.io,VENTAS ,FNASSAR
Peya Market,Peya Market Belloto,DELIVERY HERO STORES CHILE SPA,77.125.361-K,Av. Las Condes 11415,araus 249,Quilpue,Valparaíso,09:00 - 15:00,"$71,760",30,Revisar OC,CAJA,,mariajose@grupocentral.io,VENTAS ,FNASSAR
Peya Market,Peya Market Santiago,DELIVERY HERO STORES CHILE SPA,77.125.361-K,Av. Las Condes 11415,arturo prat 1242,Santiago Centro,Santiago,09:00 - 15:00,"$71,760",30,Revisar OC,CAJA,,mariajose@grupocentral.io,VENTAS ,FNASSAR
Peya Market,Peya Market Las Condes,DELIVERY HERO STORES CHILE SPA,77.125.361-K,Av. Las Condes 11415,av las condes 11415,Las Condes,Santiago,09:00 - 15:00,"$71,760",30,Revisar OC,CAJA,,mariajose@grupocentral.io,VENTAS ,FNASSAR
Peya Market,Peya Market San Miguel,DELIVERY HERO STORES CHILE SPA,77.125.361-K,Av. Las Condes 11415,av lo ovalle 020,San Miguel,Santiago,09:00 - 15:00,"$71,760",30,Revisar OC,CAJA,,mariajose@grupocentral.io,VENTAS ,FNASSAR
Peya Market,Peya Market Departamental,DELIVERY HERO STORES CHILE SPA,77.125.361-K,Av. Las Condes 11415,av lo ovalle 020,San Miguel,Santiago,09:00 - 15:00,"$71,760",30,Revisar OC,CAJA,,mariajose@grupocentral.io,VENTAS ,FNASSAR
Peya Market,Peya Market Manquehue,DELIVERY HERO STORES CHILE SPA,77.125.361-K,Av. Las Condes 11415,av manquehue norte 1207,Vitacura,Santiago,09:00 - 15:00,"$71,760",30,Revisar OC,CAJA,,mariajose@grupocentral.io,VENTAS ,FNASSAR
Peya Market,Peya Market Maipu,DELIVERY HERO STORES CHILE SPA,77.125.361-K,Av. Las Condes 11415,blanco encalada 893,Maipu,Santiago,09:00 - 15:00,"$71,760",30,Revisar OC,CAJA,,mariajose@grupocentral.io,VENTAS ,FNASSAR
Peya Market,Peya Market La Florida       ,DELIVERY HERO STORES CHILE SPA,77.125.361-K,Av. Las Condes 11415,diego portales 795,La Florida,Santiago,09:00 - 15:00,"$71,760",30,Revisar OC,CAJA,,mariajose@grupocentral.io,VENTAS ,FNASSAR
Peya Market,Peya Market San Bernardo,DELIVERY HERO STORES CHILE SPA,77.125.361-K,Av. Las Condes 11415,eyzaguirre 310,San Bernardo,Santiago,09:00 - 15:00,"$71,760",30,Revisar OC,CAJA,,mariajose@grupocentral.io,VENTAS ,FNASSAR
Peya Market,Peya Market Bilbao,DELIVERY HERO STORES CHILE SPA,77.125.361-K,Av. Las Condes 11415,la forja 8641,La Reina,Santiago,09:00 - 15:00,"$71,760",30,Revisar OC,CAJA,,mariajose@grupocentral.io,VENTAS ,FNASSAR
Peya Market,Peya Market Estacion Central,DELIVERY HERO STORES CHILE SPA,77.125.361-K,Av. Las Condes 11415,libertad 22 local c-3,Estacion Central,Santiago,09:00 - 15:00,"$71,760",30,Revisar OC,CAJA,,mariajose@grupocentral.io,VENTAS ,FNASSAR
Peya Market,Peya Market Providencia,DELIVERY HERO STORES CHILE SPA,77.125.361-K,Av. Las Condes 11415,luis thayer ojeda 88,Providencia,Santiago,09:00 - 15:00,"$71,760",30,Revisar OC,CAJA,,mariajose@grupocentral.io,VENTAS ,FNASSAR
Peya Market,Peya Market Viña del Mar,DELIVERY HERO STORES CHILE SPA,77.125.361-K,Av. Las Condes 11415,quillota 874,Viña del Mar,Valparaíso,09:00 - 15:00,"$71,760",30,Revisar OC,CAJA,,mariajose@grupocentral.io,VENTAS ,FNASSAR
Petra Fullmarket,Petra Fullmarket,LEINA ANDRAWES BOULES HEJAZEEN,14.438.378-8,HERNANDO DE MAGALLANES 872,hernando de magallanes 872,Las Condes,Santiago,10:00 - 18:00,"$78,960",CHEQUE (15 DÍAS),,CAJA,,salmanhijazimlopez@gmail.com,VENTAS ,FJAMIS
Peregrino Coffee,Peregrino Coffee Las Condes,INVERSIONES BDL SPA,76.477.431-0,LORELEY 114,av apoquindo 7014,Las Condes,Santiago,10:00 - 19:30,"$78,960",30,,CAJA,,sebastian@peregrinocoffee.cl,VENTAS ,FJAMIS
Peregrino Coffee,Peregrino Coffee La Reina,INVERSIONES BDL SPA,76.477.431-0,LORELEY 114,loreley 114,La Reina,Santiago,10:00 - 19:30,"$78,960",30,,CAJA,,sebastian@peregrinocoffee.cl,VENTAS ,FJAMIS
La Fuente Casona UNAB,La Fuente Casona UNAB,GE & FE LIMITADA SPA,76.535.092-1,ROMAN DIAZ 945,fernandez concha 700 edificio c05 las condes,Las Condes,Santiago,08:00 - 17:00,"$78,960",30,,CAJA,,contacto@somoslafuente.com,VENTAS ,FJAMIS
La Nora Almacén,La Nora Almacen,GE & FE LIMITADA SPA ,76.535.092-1,ROMAN DIAZ 945,román diaz 945,Providencia,Santiago,08:30 - 18:00,"$78,960",30,,CAJA,,contacto@somoslafuente.com,VENTAS ,FJAMIS
Pastelería La Celeste,Pastelería La Celeste,PASTELERIA LA CELESTE SPA,77.005.685-3,Geronimo de Alderete 1380,gerónimo de alderete 1380,Vitacura,Santiago,08:30 - 16:00,"$78,960",1,,CAJA,,contacto@pastelerialaceleste.cl,VENTAS ,FJAMIS
Pasteleria Cathy Brown,Pasteleria Cathy Brown,ELABORADORA Y COMERCIALIZADORA DE ALIMENTOS GUILLERMO LEONARDO VELAS,76.871.493-2,FRANCISCO DE VILLAGRA 35,francisco de villagra 35,Ñuñoa,Santiago,12.00 - 19.00,"$78,960",30,,CAJA,,guillermo@emporiovillagra.cl,VENTAS ,FJAMIS
Panadería Las Jaar,Panadería Las Jaar Montemar,COMERCIALIZADORA MANUEL GONZALEZ E.I.R.L.,77.761.342-1,Av costa de montemar 264 local 105 con con,av costa de montemar 264 local 105 con con,Concón,Valparaíso,08:00 - 17:00,"$78,960",1,,CAJA,,<costajaar@gmail.com>,VENTAS ,FJAMIS
Panaderia Las Jaar,Panadería Las Jaar Blanca Estela,Productos de panaderia manuel jaar EIRL,76.995.636-0,VERGARA 271,blanca estela 1258 loc 3,Concón,Valparaíso,08:00 - 17:00,$78.960,1,,CAJA,,denisedoren@gmail.com,VENTAS ,FJAMIS
Panaderia Las Jaar,Panadería Las Jaar Vergara,Productos de panaderia manuel jaarEIRL ,76.995.636-0,VERGARA 271,vergara 271,Concón,Valparaíso,08:00 - 17:00,$78.960,1,,CAJA,,denisedoren@gmail.com,VENTAS ,FJAMIS
Pan Semilla,Pan Semilla,ALIMENTOS Y PRODUCTOS ARTESANALES LTDA,76.465.740-3,Hamburgo 1035. Ñuñoa,hamburgo 1035,Ñuñoa,Santiago,09:30 - 19:00,"$78,960",1,,CAJA,,<hola@pansemilla.cl>,VENTAS ,FJAMIS
PadelHouse Las Pircas,PadelHouse Las Pircas,ULTIMATE SPORTECH S.A.,77.482.443-k,AV QUILIN SUR 9900,juan de dios vial correa 4559,Peñaolén,Santiago,09:00 - 17:00,$78.960,1,,CAJA,,llaya@beluxa.cl,VENTAS ,FJAMIS
Pádel House Tuman,Pádel House Tuman,INMOBILIARIA E INVERSIONES DON RAMON LIMITADA,76.618.556-8,ISABEL RIQUELME 2784,los alpes 960 depto 1104 torre a,Las Condes,Santiago,09:00 - 17:00,"$78,960",1,,CAJA,,padeltuman@gmail.com,VENTAS ,FJAMIS
OXXO,Oxxo Las Condes Sanzio,INVERSIONES QUIROZ SPA,77.495.762-6,Rosario Rosales 67,av las condes 7423 local 1b,Las Condes,Santiago,07:30 - 21:00,"$84,480",30,,CAJA,,quirozp.diego@gmail.com,VENTAS ,FJAMIS
OXXO,OXXO LOS LEONES,INVERSIONES QUIROZ SPA,77.495.762-6,Rosario Rosales 67,av los leones 1476 local 105,Providencia,Santiago,09:00 - 21:00,"$84,480",30,,CAJA,,quirozp.diego@gmail.com,VENTAS ,FJAMIS
OXXO,Oxxo Rosario Rosales,INVERSIONES QUIROZ SPA,77.495.762-6,Rosario Rosales 67,rosario rosales 67 local 2,Las Condes,Santiago,07:30 - 21:00,"$71,760",30,,CAJA,,quirozp.diego@gmail.com,VENTAS ,FJAMIS
Opera Liquor Store,Opera Liquor Store Los Trapenses,DISTRIBUIDORA CASA LA CRUZ LIMITADA,77.108.104-5,AV CAMINO LOS TRAPENSES 3200,av camino los trapenses 3200 l3,Lo Barnechea,Santiago,11:00 - 19:00,"$78,960",NOTA DE VENTA (CONTADO),,CAJA,,nicolas@operals.cl,VENTAS ,FJAMIS
Opera Liquor Store,Opera Liquor Store Las Condes,DISTRIBUIDORA CASA LA CRUZ LIMITADA ,77.108.104-5,AV CAMINO LOS TRAPENSES 3200,camino el alba 12620 local 03,Las Condes,Santiago,11:00 - 20:00,"$78,960",NOTA DE VENTA (CONTADO),,CAJA,,nicolas@operals.cl ,VENTAS ,FJAMIS
Opera Liquor Store,Opera LS Pie Andino,DISTRIBUIDORA CASA LA CRUZ LIMITADA,77.108.104-5,AV CAMINO LOS TRAPENSES 3200,paseo pie andino 4850 l s-122,Lo Barnechea,Santiago,11:00 - 20:00,"$78,960",NOTA DE VENTA (CONTADO),,CAJA,,nicolas@operals.cl,VENTAS ,FJAMIS
Oden Chocolatería,Oden Chocolatería,COMERCIALIZADORA DE ALIMENTOS ODEN CHOCOLATES SPA,77.138.462-5,PIRQUE,av general gambino 4630,Conchalí,Santiago,7.30 a 17:00,"$78,960",30,,CAJA,,odenchocolates@gmail.com,VENTAS ,FJAMIS
Ocaranza Market,Ocaranza Market,ALEJANDRO ENRIQUE OCARANZA,7.939.037-2,BELLAVISTA 0306,av bellavista 0306,Providencia,Santiago,08:00 - 20:00,$78.960,1,,CAJA,,Contacto@ocaranzacorp.com,VENTAS ,FJAMIS
NOAH Sushi Vitacura,NOAH Sushi Vitacura,RIETI SPA (77.963.476-0),77.963.476-0,TABANCURA 1530 VITACURA,tabancura 1530 vitacura,Vitacura,Santiago,10:00 - 16:00,"$78,960",CHEQUE,,CAJA,,sebastian.calderon@gmail.com,VENTAS ,FJAMIS
NOAH Sushi Providencia,NOAH Sushi Providencia,LA FORTUNA SPA,76.943.049-0,PEDRO DE VALDIVIA 64,av pedro de valdivia 64,Providencia,Santiago,10:00 - 16:00,$78.960,CHEQUE,,CAJA,,noah.providencia@gmail.com,VENTAS ,FJAMIS
NOAH Sushi Ñuñoa,NOAH Sushi Ñuñoa,NOAH SUSHI ÑUÑOA,77.630.524-3,JOSE LUIS ARANEDA 20 ÑUÑOA,josé luis araneda 20,Ñuñoa,Santiago,10:00 - 19:00,"$78,960",CHEQUE,,CAJA,,sebastian.calderon@gmail.com,VENTAS ,FJAMIS
NOAH Sushi Las Condes,NOAH Sushi Las Condes,CAPPIO CHILE SPA,76.442.096-9,AV. CUARTO CENTENARIO 979 OF. DEPTO 104,av cuarto centenario 979 local 104,Las Condes,Santiago,10:00 - 16:00,"$78,960",CHEQUE,,CAJA,,gestioncompras@noahsushi.cl,VENTAS ,FJAMIS
Mundo Popcorn,Mundo Popcorn,IMPORTACIONES DALOSO LIMITADA,76.593.606-3,LUIS VALENZUELA 3450,: av irarrazaval 1018,Ñuñoa,Santiago,14:00 - 22:00,"$78,960",30,,CAJA,,ventas@mundopopcorn.cl,VENTAS ,FJAMIS
MSV Supermercados,MSV Supermercados,MSV SPA,77.638.903-K,AVDA LO ESPEJO 01565 MERSAN PAB3 DPTO. B303,avda lo espejo 01565 mersan pab3 dpto b303,Lo Espejo,Santiago,09:00 - 17:00,$78.960,1,,CAJA,,rodrigo.jimenez.d115@gmail.com,VENTAS ,FJAMIS
Mister Ham,Mister Ham,MISTER HAM SPA,76.906.133-9,Avenida Irarrázaval 4971 local 5A,avenida irarrázaval 4971 local 5a,Ñuñoa,Santiago,11:00 - 21:00,$78.960,CHEQUE,,CAJA,,misterhamsj@gmail.com,VENTAS ,FJAMIS
Minimarket Antucayen,Minimarket Antucayen,COMERCIALIZADORA DELABORCO LIMITADA,76.384.579-6,AVENIDA CENTRAL 273,av central 273,San Bernardo,Santiago,10:00 - 21:00,$78.960,1,,CAJA,,pabloborcoski@gmail.com,VENTAS ,FJAMIS
Minimarket Antonia,Minimarket Antonia,COMERCIAL MARIO JAIME VIVANCO ACUÑA E.I.R.L. ,76.516.702-7,ROMAN DIAZ 55,roman diaz 55,Providencia,Santiago,09:30 - 20:00,"$78,960",7,,CAJA,,comercial.mariovivanco@gmail.com,VENTAS ,FJAMIS
Mimi Gelato,Mimi Gelato,RODRIGO IGNACIO PEREZ GAJARDO,19.135.053-7,TRISTAN MATTA 1187,tristan matta 1187,San Miguel,Santiago,12:00 - 20:00,"$78,960",1,,CAJA,,rodrigoperez2308@gmail.com,VENTAS ,FJAMIS
Mi Market,Mi Market Colón,MU MERCADITO URBANO SPA,76.587.878-0,Hernando de Aguirre 136. Providencia,av cristobal colón 3707,Las Condes,Santiago,HASTA 15:00,"$78,000",30,,CAJA,,administracion@mi-market.cl,VENTAS ,FJAMIS
Mi Market,Mi Market Pedro de Valdivia 2,MU MERCADITO URBANO SPA,76.587.878-0,Hernando de Aguirre 136. Providencia,av pedro de valdivia 70,Providencia,Santiago,HASTA 15:00,"$78,000",30,,CAJA,,administracion@mi-market.cl,VENTAS ,FJAMIS
Mi Market,Mi Market Pedro de Valdivia,MU MERCADITO URBANO SPA,76.587.878-0,Hernando de Aguirre 136. Providencia,av pedro de valdivia 887,Providencia,Santiago,HASTA 15:00,"$78,000",30,,CAJA,,administracion@mi-market.cl,VENTAS ,FJAMIS
Mi Market,Mi Market Hernando de Aguirre,MU MERCADITO URBANO SPA,76.587.878-0,Hernando de Aguirre 136. Providencia,hernando de aguirre 136,Providencia,Santiago,HASTA 15:00,"$78,000",30,,CAJA,,administracion@mi-market.cl,VENTAS ,FJAMIS
Mestiere,Mestiere,COMERCIAL SAFQA SPA,76.566.859-K,AV VITACURA 9013,avenida vitacura 9013,Vitacura,Santiago,09:00 - 19:00,"$78,960",30,,CAJA,,Fdagach@mestiere.cl,VENTAS ,FERNANDO ALID
Mercado Rico y Sano,Mercado Rico y Sano,COMERCIALIZADORA MERCADO NATURAL RICO Y SANO SPA,76.896.144-1,AV IRARRAZAVAL 2588,av irarrazaval 2586,Ñuñoa ,Santiago,11:00 - 19:00,"$78,960",30,Revisar OC,CAJA,,Enoc@mercadoricoysano.cl ,VENTAS ,FJAMIS
Mercado Carnes y Pastas,Mercado Carnes y Pastas,MERCADO DE LAS CARNES LUIS CARRERA SPA.,77.825.541-3,Candelaria Goyenechea 5448 local 1,candelaria goyenechea 5448 local 1,Vitacura,Santiago,10:00 - 19:00,"$78,960",1,,CAJA,,pduchp@gmail.com,VENTAS ,FJAMIS
Mercadito Cachagua,Mercadito Cachagua,COMERCIAL MERCADITO CHILE SPA,77.679.625-5,AV EL TRANQUE 12797,paseo pie andino 7901 casa 602 (condominio los bravos),Lo Barnechea,Santiago,08:00 - 16:30,"$78,960",30,,CAJA,,ovalle92@gmail.com,VENTAS ,FJAMIS
Mar Jano Las Tranqueras,Mar Jano Las Tranqueras,COMERCIALIZADORA MARJANO SPA,77.252.713-6,Las Tranqueras 1352,av las tranqueras 1352,Vitacura,Santiago,11:00 - 18:00,$78.960,15,,CAJA,,cjano.marjano@gmail.com,VENTAS ,FNASSAR
Mar Jano Einstein,Mar Jano Einstein,COMERCIALIZADORA JH SPA ,76.524.674-1,EINSTEIN 741,einstein 741,Recoleta,Santiago,11:00 - 16:00,"$78,960",1,,CAJA,,cjano.marjano@gmail.com ,VENTAS ,FJAMIS
Mar Azul Viña,Mar Azul Viña,DISTRIBUIDORA MAR AZUL LIMITADA,76.157.309-8,AVDA CON CON REÑACA 480 L3,av concon reñaca 480 local 3,Viña del Mar,Valparaíso,10:00 a 14:00 y de 15:00 a 18:00,"$78,960",30,,CAJA,,daniellamancilla@hotmail.com,VENTAS ,FJAMIS
Mar Azul Stgo,Mar Azul Stgo,SOCIEDAD COMERCIALIZADORA Y DISTRIBUIDORA MAR AZUL LIMITADA,77.060.779-5,ELENA VERA MUNOZ 195 PUDETO BAJO ANCUD,av vivaceta 606,Independencia ,Santiago,09:00 - 17:30,"$78,960",30,,CAJA,,expromar.toledo@gmail.com,VENTAS ,FJAMIS
Los Viñedos Diagonal Oriente,Los Viñedos Diagonal Oriente,COMERCIALIZADORA ERNESTO ALEJANDRO IBARRA ARROYO E.I.R.L.,76.823.964-9,AV. PRESIDENTE BATLLE Y O 4343,av presidente josé batlle y ordóñez 4343,Ñuñoa,Santiago,09:00 - 22:00,"$78,960",30,Revisar OC,CAJA,,ernesto.ibarra@losvinedos.cl,VENTAS ,FJAMIS
Los Viñedos,Los Viñedos Peñalolen,COMERCIALIZADORA Y DISTRIBUIDORA LOS VINEDOS DEL CONSISTORIAL LTDA,76.043.320-9,AV CONSISTORIAL 5340,av consistorial 5340,Peñalolen,Santiago,09:00 - 17:00,"$78,960",30,Revisar OC,CAJA,,tomas.boixet@losvinedos.cl,VENTAS ,FJAMIS
Los Viñedos,Los Viñedos Plaza Egaña,COMERCIALIZADORA Y DISTRIBUIDORA LOS VINEDOS DEL CONSISTORIAL LTDA,76.043.320-9,AV CONSISTORIAL 5340,av plaza egaña 100 ñuñoa,Ñuñoa,Santiago,09:00 - 17:00,"$78,960",30,Revisar OC,CAJA,,tomas.boixet@losvinedos.cl,VENTAS ,FJAMIS
Los Viñedos,Los Viñedos Irarrazabal,COMERCIALIZADORA Y DISTRIBUIDORA LOS VINEDOS DEL CONSISTORIAL LTDA,76.043.320-9,AV CONSISTORIAL 5340,irarrazaval 3511,Nuñoa,Santiago,09:00 - 17:00,"$78,960",30,Revisar OC,CAJA,,tomas.boixet@losvinedos.cl,VENTAS ,FJAMIS
Los Viñedos,Los Viñedos Cerezos,COMERCIALIZADORA Y DISTRIBUIDORA LOS VINEDOS DEL CONSISTORIAL LTDA,76.043.320-9,AV CONSISTORIAL 5340,los cerezos 16,Nuñoa,Santiago,09:00 - 17:00,"$78,960",30,Revisar OC,CAJA,,tomas.boixet@losvinedos.cl,VENTAS ,FJAMIS
Los Viñedos,Los Viñedos Florida,COMERCIALIZADORA Y DISTRIBUIDORA LOS VINEDOS DEL CONSISTORIAL LTDA,76.043.320-9,AV CONSISTORIAL 5340,san francisco 4420,La Florida,Santiago,09:00 - 17:00,"$78,960",30,Revisar OC,CAJA,,tomas.boixet@losvinedos.cl,VENTAS ,FJAMIS
Local Burger EVENTO,Local Burger EVENTO,GASTRONOMICA MANGO GOURMET LIMITADA,76.161.938-1,AV LAS CONDES 7927,los militares 5934 local ij,Las Condes,Santiago,09:00 - 17:00,$78.960,1,,CAJA,,gpenafiel@localburger.cl ,VENTAS ,FJAMIS
Local Burger,Local Burger Irarrázaval,GASTRONOMICA GRUPO SEIS SPA,77.201.862-2,LOS MILITARES 5934 LOCAL 1,irarrazaval 5350 local 2,Ñuñoa,Santiago,09:00 - 17:00,"$78,960",30,,CAJA,,Gpenafiel@localburger.cl,VENTAS ,FJAMIS
Local Burger,Local Burger Los Militares,GASTRONOMICA GRUPO SEIS SPA,77.201.862-2,LOS MILITARES 5934 LOCAL 1,los militares 5934 local ij,Las Condes,Santiago,09:00 - 17:00,"$78,960",30,,CAJA,,Gpenafiel@localburger.cl,VENTAS ,FJAMIS
La Siembra,La Siembra,TOSTADURIA LA SIEMBRA SPA,76.566.871-9,MONSEÑOR EDWARS 1170,monseñor edwards 1170a,La Reina,Santiago,10:00 - 19:00,"$78,960",1,,CAJA,,tienda@lasiembragranel.cl,VENTAS ,FJAMIS
La Popular,La Popular Bilbao,LA POPULAR PIZZA Y PAN SPA,76.659.122-1,Av Francisco Bilbao 2793,av francisco bilbao 2793,Providencia,Santiago,11:00 - 17:00,"$78,960",30,,CAJA,,compras@lapopularpan.com,VENTAS ,FJAMIS
La Popular,La Popular Infante,LA POPULAR PIZZA Y PAN SPA,76.659.122-1,Av Francisco Bilbao 2793,josé manuel infante 1232,Providencia,Santiago,11:00 - 17:00,"$78,960",30,,CAJA,,compras@lapopularpan.com,VENTAS ,FJAMIS
La Popular,La Popular - EVENTO ÑAM,LA POPULAR PIZZA Y PAN SPA,76.659.122-1,Av Francisco Bilbao 2793,visviri 1107,Las Condes,Santiago,09:00 - 11:00,$78.960,1,,CAJA,,compras@lapopularpan.com,VENTAS ,FJAMIS
La Piamontesa,La Piamontesa,MINIMARKET CARINA CRAVERO E.I.R.L,76.655.849-6,Hermano fermando de la fuente 403. SanFernando,RETIRO,San Fernando,Ohiggins,09:00 - 17:00,"$78,960",1,,CAJA,,carinacravero@hotmail.com,VENTAS ,FJAMIS
La Pascuala Bistró,La Pascuala Bistró,SANTA MARÍA SPA,77.248.079-2,El embalse 8721,américo vespucio norte 2776 depto 307,Vitacura,Santiago,08:00 - 21:00,"$78,960",1,,CAJA,,hola@lapascualabistro.cl,VENTAS ,FJAMIS
La Madre,La Madre,PANADERÍA LA MADRE SPA,77.392.266-7,JEAN MERMOZ 18A,jean mermoz 18 a,Las Condes,Santiago,09:00 - 20:00,"$78,960",30,,CAJA,,Lamadrepanaderia@gmail.com,VENTAS ,FJAMIS
La Madre,Panaderia La Madre,PANADERÍA LA MADRE SPA,77.392.266-7,JEAN MERMOZ 18A,jean mermoz 18 a,Las Condes,Santiago,09:00 - 20:00,"$78,960",30,,CAJA,,Lamadrepanaderia@gmail.com,VENTAS ,FJAMIS
La Gioconda,La Gioconda,SALJO Inversiones SpA.,77.642.713-6,Hermanos Carrera 655 local B Litueche,hermanos carrera 655 local b litueche,Ohiggins,Ohiggins,09:00 - 17:00,$78.960,1,,CAJA,,alexmonreal9@hotmail.com,VENTAS ,FJAMIS
La Fortuna Heladería,La Fortuna Heladería,COMERCIALIZADORA Y DISTRIBUIDORA SAN CRESCENTE SPA,76.964.206-4,PEDRO TORRES 1227,av ventisquero 1204 bodega 65,Renca,Santiago,9:00 a 17.30,$78.960,1,,CAJA,,mielsofiasantamaria@gmail.com>,VENTAS ,FJAMIS
La Focaccia ,La Focaccia ,LA FOCACCIA SPA,77.202.366-9,AV EL BOSQUE NORTE 166,av el bosque nte 166,Las Condes,Santiago,10:00 - 20:00,"$78,960",30,,CAJA,, hola@lafocaccia.cl ,VENTAS ,FJAMIS
LA FACTORIA,LA FACTORIA,LA FACTORÍA SPA,77.833.404-6,PICHILEMU,av comercio 1955b,Pichilemu,Ohiggins,9:00 - 18-00,"$78,960",1,,CAJA,,trinidadugarteg@gmail.com,VENTAS ,FJAMIS
La Esquina Minimercado,La Esquina Minimercado,OBERST KADGIEN INVERSIONES SPA,76.214.928-1,rosario rosales 67 local 4,rosario rosales 67 local 4,Las Condes,Santiago,09:00 - 20:00,"$78,960",30,,CAJA,,aliciakadgien@hotmail.com,VENTAS ,FJAMIS
La Dulzura de Agustina,La Dulzura de Agustina,INVERSIONES Y COMERCIAL SUSANA SANHUEZA SPA,77.795.695-7,SAN JOSE DE LA ESTRELLA 301,av san josé de la estrella oriente 301g,La Florida,Santiago,11:00 - 20:00,"$78,960",CHEQUE,,CAJA,,hectorpadillac@gmail.com,VENTAS ,FJAMIS
La Cotidiana,La Cotidiana Providencia,COMERCIAL PUELO LIBRE LIMITADA,76.763.847-7,AMAPOLAS 1282 PROVIDENCIA,amapolas 1282,Providencia,Santiago,11:00 - 19:00,"$78,960",30,,CAJA,,Tomas@gangas.cl,VENTAS ,FJAMIS
La Cotidiana,La Cotidiana,COMERCIAL PUELO LIBRE LIMITADA,76.763.847-7,AMAPOLAS 1282 PROVIDENCIA,napoleón 3140 las condes,Las Condes,Santiago,11:00 - 19:00,"$78,960",30,,CAJA,,Tomas@gangas.cl,VENTAS ,FJAMIS
La Casa del Mono,La Casa del Mono,MONO NEGOCIOS SPA,77.096.809-7,AV BORGOÑO 24931,av borgoño 24931,Concon,Valparaíso,11:00 - 20:00,"$78,960",30,,CAJA,,Edufernandezd@gmail.com,VENTAS ,FJAMIS
La Carneria,La Carneria,AGRICOLA Y COMERCIAL DON CARLOS SPA,76.520.558-1,AV PADRE HURTADO CENTRAL 502,padre hurtado central 502,Las Condes,Santiago,11:00 - 20:00,"$78,960",30,,CAJA,,enrique@lacarneria.cl,VENTAS ,FJAMIS
La Burguesita,La Burguesita,INVERSIONES LILLO AL CUADRADO LIMITADA,76.954.583-2,Santa Magdalena 99,av tabancura 1754,Vitacura,Santiago,11:30 - 20:00,"$78,960",30,,CAJA,,jtvenega@gmail.com,VENTAS ,FERNANDO ALID
La Burguesia Providencia,La Burguesia Providencia,LILLO Y ANGEL LIMITADA ,76.203.877-3,SANTA MAGDALENA 99. Providencia,santa magdalena 99,Providencia,Santiago,10:00 - 20:00,"$75,012",30,,CAJA,,,VENTAS ,FERNANDO ALID
La Burguesia La Reina,La Burguesia La Reina,SAN FRANCISCO SPA,76.493.119-K,AV PRINCIPE DE GALES 8351,av principe de gales 8531 local 6,La reina,Santiago,10:00 - 20:00,"$78,960",30,,CAJA,,fra.ga.fa.26@gmail.com,VENTAS ,FERNANDO ALID
La Borboleta,La Borboleta,PAREDES Y VILLAGRA SPA,77.869.093-4,AV. PRESIDENTE BATLLE Y ORDOÑEZ 4502 LOCAL 3,av presidente jose batlle y ordoñez 4502 local 3,Ñuñoa,Santiago,10:00 - 19:00,"$78,960",30,,CAJA,,paredesyvillagraspa@gmail.com,VENTAS ,FJAMIS
La Bodeguita del Centro,La Bodeguita del Centro,COMERCIAL E INVERSIONES VS SPA,77.255.542-3,MATUCANA 309,calle matucana 309,Casa Blanca,Valparaíso,,"$78,960",1,,CAJA,,katherinesilvae@gmail.com,VENTAS ,FJAMIS
La Base Orgánica Matanzas,La Base Orgánica Matanzas,ARTE MANDALA SPA,76.815.297-7,Camino caleta de matanzas local 3,RETIRO,Navidad,Ohiggins,,"$78,960",1,,CAJA,,claudia.andrea.uribe@gmail.com,VENTAS ,FJAMIS
La Baguette Panadería,La Baguette Panadería,renzo bianchetti alim y distr eirl ,76.047.495-9,etchevers alto 638,etchevers 638,Viña del Mar,Valparaíso,09:00 - 19:00,$78.960,1,,CAJA,,Renzobianchetti@hotmail.com,VENTAS ,FJAMIS
La Argentina,La Argentina Centro de Producción,CENTRO DE PRODUCCION LA ARGENTINA PIZZERIA LIMITADA,77.469.344-0,AVENIDA IRARRAZAVAL 1019,av irarrázabal 1019,Ñuñoa,Santiago,09:00 - 15:00,"$78,960",30,,CAJA,,carina@passaro.cl,VENTAS ,FJAMIS
La Argentina,La Argentina Pizzeria,CENTRO DE PRODUCCION LA ARGENTINA PIZZERIA LIMITADA,77.469.344-0,AVENIDA IRARRAZAVAL 1019,irarrázabal 1019,Ñuñoa,Santiago,9:00 a 16.30 hs,"$78,960",30,,CAJA,,carina@passaro.cl,VENTAS ,FJAMIS
L'Arrabbiata,L'Arrabbiata,LARRABBIATA SPA,76.730.705-5,AV MANUEL MONTT 2559,av manuel montt 2559 local 2,Ñuñoa,Santiago,10:00 - 21:00,"$78,960",CHEQUE,,CAJA,,Larrabbiata.spa@gmail.com,VENTAS ,FJAMIS
Key Logistics,Key Logistics (ESMAX),KEYLOGISTICS CHILE S A,96.930.440-6,Pio XI 1290,"av lo espejo 01740, Bodega 3",San Bernardo,Santiago,08:00 - 13:00,"$58,000",30,Revisar OC,CAJA,,jhonlly.sulbaran@keylogistics.cl,VENTAS ,FNASSAR
Key Logistics,Key Logistics (ENEX),KEYLOGISTICS CHILE S A,96.930.440-6,Pio XI 1290,"av lo espejo 01740, Bodega 3",San Bernardo,Santiago,08:00 - 13:00,"$50,400",30,Revisar OC,CAJA,,jhonlly.sulbaran@keylogistics.cl,VENTAS ,FNASSAR
Key Logistics,Key Logistics (OXXO),KEYLOGISTICS CHILE S A,96.930.440-6,Pio XI 1290,lago riñihue 2319,San Bernardo,Santiago,08:00 - 13:00,"$58,000",30,Revisar OC,UNIDAD,,jhonlly.sulbaran@keylogistics.cl,VENTAS ,FNASSAR
Kento Vitacura,Kento Vitacura,DIAZ SPA,77.351.605-7,Vitacura 5460,vitacura 5460,Vitacura,Santiago,12:00 - 20:00,"$78,960",30,,CAJA,,contabilidadkento@gmail.com,VENTAS ,FJAMIS
Kento Sushi Santiago Centro,Kento Sushi Santiago Centro,COMERCIAL KENTO II SPA,76.672.345-4,ELEUTERIO RAMIREZ 1914,eleuterio ramirez 1419 local 5,Santiago Centro,Santiago ,12:00 - 20:00,"$78,960",30,,CAJA,,contabilidadkento@gmail.com,VENTAS ,FJAMIS
Kento Mall Plaza Oeste,Kento Mall Plaza Oeste,DIAZ SPA,77.351.605-7,Vitacura 5460,av américo vespucio n° 1501 local 1029,Cerrillos,Santiago,10:30 - 21:00,"$78,960",1,,CAJA,,contabilidadkento@gmail.com,VENTAS ,FJAMIS
Kento La Florida,Kento La Florida,INVERSIONES BLUE FOODS SPA,77.765.997-9,AV LA FLORIDA 7959,av la florida 7959,La Florida,Santiago,12:00 - 20:00,"$78,960",30,,CAJA,,contabilidadkento@gmail.com,VENTAS ,FJAMIS
Kento La Dehesa,Kento La Dehesa,DIAZ Y TORRES SPA,77.336.717-5,Av. La Dehesa 3372 Lote 9C1,av la dehesa 3372 lote 9c1,Lo Barnechea,Santiago,12:30 - 21:00,"$78,960",30,,CAJA,,contabilidadkento@gmail.com,VENTAS ,FJAMIS
Kento Providencia,Kento Providencia,COMERCIAL KENTO SPA,76.032.185-0,M.Montt 1349 LC 4,av manuel montt 1349,Providencia ,Santiago,12:00 - 20:00,"$78,960",30,,CAJA,,contabilidadkento@gmail.com,VENTAS ,FJAMIS
Kento Las Condes,Kento Las Condes,COMERCIAL KENTO SPA ,76.032.185-0,M.Montt 1349 LC 4,pedro de gamboa 55 local 2,Las Condes,Santiago,12:00 - 20:00,"$78,960",30,,CAJA,,contabilidadkento@gmail.com,VENTAS ,FJAMIS
Just Burger,Just Burger Manquehue,JUST BURGER SPA,77.209.687-9,AVENIDA APOQUINDO 4615,av manquehue norte 1768,Vitacura,Santiago,08:00 - 23:00,"$78,960",30,,CAJA,,Thiare.alvarez@pjchile.com,VENTAS ,FJAMIS
Just Burger,Just Burger Manuel Montt,JUST BURGER SPA,77.209.687-9,AVENIDA APOQUINDO 4615,av manuel montt 2559 ñuñoa,Ñuñoa,Santiago,08:00 - 23:00,"$78,960",30,,CAJA,,Thiare.alvarez@pjchile.com,VENTAS ,FJAMIS
Just Burger,Just Burger Viña,JUST BURGER SPA,77.209.687-9,AVENIDA APOQUINDO 4615,av san martin 636,Viña del Mar,Valparaíso,08:00 - 23:00,"$78,960",30,,CAJA,,Thiare.alvarez@pjchile.com,VENTAS ,FJAMIS
Just Burger,Just Burger Villa Alemana,JUST BURGER SPA,77.209.687-9,AVENIDA APOQUINDO 4615,av valparaiso 1057 villa alemana,Villa Alemana,Valparaíso,08:00 - 23:00,"$78,960",30,,CAJA,,Thiare.alvarez@pjchile.com,VENTAS ,FJAMIS
Just Burger,Just Burger Colón,JUST BURGER SPA,77.209.687-9,AVENIDA APOQUINDO 4615,cuarto centenario iv 999,Las Condes,Santiago,08:00 - 23:00,"$78,960",30,,CAJA,,Thiare.alvarez@pjchile.com,VENTAS ,FJAMIS
Just Burger,Just Burger Providencia,JUST BURGER SPA,77.209.687-9,AVENIDA APOQUINDO 4615,guardia vieja 62,Providencia,Santiago,08:00 - 23:00,"$78,960",30,,CAJA,,Thiare.alvarez@pjchile.com,VENTAS ,FJAMIS
Just Burger,Just Burger Quilín,JUST BURGER SPA,77.209.687-9,AVENIDA APOQUINDO 4615,mar tirreno 3349 loc 1108-b,Peñalolen,Santiago,08:00 - 23:00,"$78,960",30,,CAJA,,Thiare.alvarez@pjchile.com,VENTAS ,FJAMIS
Just Burger,Just Burger Machalí,JUST BURGER SPA,77.209.687-9,AVENIDA APOQUINDO 4615,miguel ramírez 1550 local 22,Machalí,Ohiggins,08:00 - 23:00,"$78,960",30,,CAJA,,Thiare.alvarez@pjchile.com,VENTAS ,FJAMIS
Just Burger,Just Burger Huechuraba,JUST BURGER SPA,77.209.687-9,AVENIDA APOQUINDO 4615,pedro fontova 6651,Huechuraba,Santiago,08:00 - 23:00,"$78,960",30,,CAJA,,Thiare.alvarez@pjchile.com,VENTAS ,FJAMIS
Just Burger,Just Burger La Reina,JUST BURGER SPA,77.209.687-9,AVENIDA APOQUINDO 4615,principe de gales 6853,La Reina,Santiago,08:00 - 23:00,"$78,960",30,,CAJA,,Thiare.alvarez@pjchile.com,VENTAS ,FJAMIS
Just Burger,Just Burger Toesca,JUST BURGER SPA,77.209.687-9,AVENIDA APOQUINDO 4615,toesca 1844,Santiago Centro,Santiago,08:00 - 23:00,"$78,960",30,,CAJA,,Thiare.alvarez@pjchile.com,VENTAS ,FJAMIS
Juan Esteban Muñoz Zapata,Juan Esteban Muñoz Zapata,JUAN ESTEBAN MUÑOZ,15.178.542-5,,av los litres 1750 casa 38,Lo Barnechea,Santiago,09:00 - 18:00,"$78,960",1,,CAJA,,,VENTAS ,FJAMIS
Inbocca,Inbocca,IN BOCCA SPA,77.662.722-4,C SAN FCO DE ASIS 115 DP A 201 PS 2 TORRE I,homs 6882,Las Condes,Santiago,10:00 - 16:00,$78.960,1,,CAJA,,bastian@inbocca.cl,VENTAS ,FJAMIS
Ice Kitchen,IceKitchen Curauma,WS INVERSIONES SPA,77.468.903-6,Los mirlos 181. local 2,boulevard 68: undécima 1605 local 17,Curauma,Valparaíso,11:00 - 20:00,"$78,960",30,,CAJA,,diego.salomo@gmail.com,VENTAS ,FJAMIS
Ice Kitchen,Ice Kitchen Concón,WS INVERSIONES SPA,77.468.903-6,Los mirlos 181. local 3,los mirlos 181 local 3,"Reñaca, Viña del Mar",Valparaíso,11:00 - 20:00,"$78,960",30,,CAJA,,diego.salomo@gmail.com,VENTAS ,FJAMIS
Ice Fish,Ice Fish,COMERCIALIZADORA ORANGE FISH SPA,76.208.366-3,DOMINICA 319,domínica 319,Recoleta,Santiago,10:00 - 19:00,"$78,960",30,,CAJA,,Simon.pichara@gmail.com,VENTAS ,FJAMIS
Hualle Meat,Hualle Meat,DISTRIBUIDORA Y COMERCIALIZADORA DE ALIMENTOS HUALLE MEAT SPA,77.166.682-5,Comercio 199. Requínoa. VI Región.,texas 1115,Vitacura,Santiago,08:30 a 12:45 / 14:30 a 16:45; VIERNES hasta 13.30,"$78,960",1,,CAJA,,maguayo@huallemeat.cl,VENTAS ,FJAMIS
Haruki Sushi,Haruki Sushi Maipu,HARUKI SPA,77.196.958-5,PAJARITOS 4741,av pajaritos 4741,Maipu,Santiago,10:30 - 17:00,"$78,960",15,,CAJA,,juancristobal@hrkfoods.cl,VENTAS ,FJAMIS
Haruki Sushi,Haruki Sushi EC 2,HARUKI SPA,77.196.958-5,PAJARITOS 4741,av víctor jara 4373,Estacion Central,Santiago,12:30 - 22:00,"$78,960",15,,CAJA,,juancristobal@hrkfoods.cl,VENTAS ,FJAMIS
Haruki Sushi,Haruki Sushi EC,HARUKI SPA,77.196.958-5,PAJARITOS 4741,san gumercindo 11ª,Estacion Central,Santiago,11:30 - 20:00,"$78,960",15,,CAJA,,juancristobal@hrkfoods.cl,VENTAS ,FJAMIS
Grupo AM,Grupo AM,GRUPO INDUSTRIAL AM SPA,76.454.519-2,Coronel Pereira 62. ofic 208,coronel pereira 72 oficina 202,Las Condes,Santiago,10:00 - 18:00,"$78,960",30,,CAJA,,fernando@grupoam.cl,VENTAS ,FERNANDO ALID
Gregoria Cocina,Gregoria Cocina,ALIMENTOS TRASANDINOS SPA,76.625.652-K,LAS HUALTATAS 8848,av padre hurtado 1376,Vitacura,Santiago,12:00 - 18:00,"$78,960",30,,CAJA,,Contacto@gregoria.cl,VENTAS ,FJAMIS
Golden Sushi Viña,Golden Sushi Viña,GOLDEN VIÑA SPA,77.247.632-9,AGUA SANTA 18,agua santa 18,Viña del Mar,Valparaíso,12:00 - 22:00,"$78,960",1,,CAJA,,goldensushivina@gmail.com,VENTAS ,FJAMIS
Golden Sushi Reñaca,Golden Sushi Reñaca,LC FOODS SPA ,77.533.681-1,AV VICUÑA MACKENNA 1050,vicuña mackenna 1050,Viña del Mar,Valparaíso,11:00 - 20:00,"$78,960",1,,CAJA,,goldensushivina@gmail.com ,VENTAS ,FJAMIS
Get It,Get It Agustinas,CONVENIENCE DE CHILE SPA,76.865.177-9,NUEVA DE LYON 135 LC 102,agustinas 673,Santiago Centro,Santiago,10:00 - 20:00,"$70,800",30,,CAJA,,davidcayuleo@getitchile.cl,VENTAS ,FJAMIS
Get It,Get It Alameda,CONVENIENCE DE CHILE SPA,76.865.177-9,NUEVA DE LYON 135 LC 102,alameda 640 local 3,Santiago Centro,Santiago,09:00 - 20:01,"$70,800",30,,CAJA,,davidcayuleo@getitchile.cl,VENTAS ,FJAMIS
Get It,Get It Barros Errazuriz,CONVENIENCE DE CHILE SPA,76.865.177-9,NUEVA DE LYON 135 LC 102,alfredo barros errázuriz 1954,Providencia,Santiago,08:00 - 21:00,"$70,800",30,,CAJA,,davidcayuleo@getitchile.cl,VENTAS ,FJAMIS
Get It,Get It Pastene,CONVENIENCE DE CHILE SPA,76.865.177-9,NUEVA DE LYON 135 LC 102,almirante pastene 96,Providencia,Santiago,09:00 - 20:00,"$70,800",30,,CAJA,,davidcayuleo@getitchile.cl,VENTAS ,FJAMIS
Get It,Get It Apoquindo,CONVENIENCE DE CHILE SPA,76.865.177-9,NUEVA DE LYON 135 LC 102,apoquindo 4499 local 102,Las Condes,Santiago,Hasta las 20 hs,"$70,800",30,,CAJA,,davidcayuleo@getitchile.cl,VENTAS ,FJAMIS
Get It,Get It Las Condes,CONVENIENCE DE CHILE SPA,76.865.177-9,NUEVA DE LYON 135 LC 102,apoquindo 4499 local 102,Las Condes,Santiago,12:00 - 20:00,"$70,800",30,,CAJA,,davidcayuleo@getitchile.cl,VENTAS ,FJAMIS
Get It,Get It Apoquindo II,CONVENIENCE DE CHILE SPA,76.865.177-9,NUEVA DE LYON 135 LC 102,av apoquindo #4821,Las Condes,Santiago,09:00 - 20:00,"$70,800",30,,CAJA,,davidcayuleo@getitchile.cl,VENTAS ,FNASSAR
Get It,Get It Kennedy,CONVENIENCE DE CHILE SPA,76.865.177-9,NUEVA DE LYON 135 LC 102,av kennedy 5488 local 101,Vitacura,Santiago,09:00 - 20:00,"$70,800",30,,CAJA,,davidcayuleo@getitchile.cl,VENTAS ,FJAMIS
Get It,Get it Marriot,CONVENIENCE DE CHILE SPA,76.865.177-9,NUEVA DE LYON 135 LC 102,av kennedy 5753 local 02 (entrada hotel marriott),Las Condes,Santiago,07:00 - 20:00,"$70,800",30,,CAJA,,davidcayuleo@getitchile.cl,VENTAS ,FJAMIS
Get It,Get It Ohiggins,CONVENIENCE DE CHILE SPA,76.865.177-9,NUEVA DE LYON 135 LC 102,av libertador bernardo o'higgins 1449,Santiago Centro,Santiago,07:00 - 20:00,"$70,800",30,,CAJA,,davidcayuleo@getitchile.cl,VENTAS ,FJAMIS
Get It,Get It Santiago Centro,CONVENIENCE DE CHILE SPA,76.865.177-9,NUEVA DE LYON 135 LC 102,av libertador bernardo o'higgins 640,Santiago Centro,Santiago,10:00 - 20:00,"$70,800",30,,CAJA,,davidcayuleo@getitchile.cl,VENTAS ,FJAMIS
Get It,Get It Militares,CONVENIENCE DE CHILE SPA,76.865.177-9,NUEVA DE LYON 135 LC 102,av los militares 5890,Las Condes,Santiago,07:00 - 20:00,"$70,800",30,,CAJA,,davidcayuleo@getitchile.cl,VENTAS ,FJAMIS
Get It,Get It Ebro,CONVENIENCE DE CHILE SPA,76.865.177-9,NUEVA DE LYON 135 LC 102,ebro 2794,Las Condes,Santiago,10:00 - 20:00,"$70,800",30,,CAJA,,davidcayuleo@getitchile.cl,VENTAS ,FJAMIS
Get It,Get It Gerónimo de Alderete,CONVENIENCE DE CHILE SPA,76.865.177-9,NUEVA DE LYON 135 LC 102,geronimo de alderete 1020,Vitacura,Santiago,09:00 - 20:00,"$70,800",30,,CAJA,,davidcayuleo@getitchile.cl,VENTAS ,FJAMIS
Get It,GET IT Guardia Vieja,CONVENIENCE DE CHILE SPA,76.865.177-9,NUEVA DE LYON 135 LC 102,guardia vieja 250,Providencia,Santiago,09:00 - 20:00,"$70,800",30,,CAJA,,davidcayuleo@getitchile.cl,VENTAS ,FJAMIS
Get It,Get It Nueva de Lyon,CONVENIENCE DE CHILE SPA,76.865.177-9,NUEVA DE LYON 135 LC 102,nueva de lyon 135 local 102,Providencia,Santiago,12:00 - 20:00,"$70,800",30,,CAJA,,davidcayuleo@getitchile.cl,VENTAS ,FJAMIS
Get It,Get It Orrego Luco,CONVENIENCE DE CHILE SPA,76.865.177-9,NUEVA DE LYON 135 LC 102,orrego luco 013,Providencia,Santiago,07:00 - 20:00,"$70,800",30,,CAJA,,davidcayuleo@getitchile.cl,VENTAS ,FJAMIS
Get It,Get It Pio X,CONVENIENCE DE CHILE SPA,76.865.177-9,NUEVA DE LYON 135 LC 102,pio x 2451,Providencia,Santiago,08:00 - 21:00,"$70,800",30,,CAJA,,davidcayuleo@getitchile.cl,VENTAS ,FJAMIS
Get It,Get It San Martin,CONVENIENCE DE CHILE SPA,76.865.177-9,NUEVA DE LYON 135 LC 102,san martín 35,Santiago Centro,Santiago,10:00 - 20:00,"$70,800",30,,CAJA,,davidcayuleo@getitchile.cl,VENTAS ,FJAMIS
Get It,Get It Suecia,CONVENIENCE DE CHILE SPA,76.865.177-9,NUEVA DE LYON 135 LC 102,suecia 0130,Providencia,Santiago,09:00 - 20:00,"$70,800",30,,CAJA,,davidcayuleo@getitchile.cl,VENTAS ,FJAMIS
Get It,Get It Vitacura,CONVENIENCE DE CHILE SPA,76.865.177-9,NUEVA DE LYON 135 LC 102,vitacura 2909 local 2-a,Las Condes,Santiago,09:00 - 20:00,"$70,800",30,,CAJA,,davidcayuleo@getitchile.cl,VENTAS ,FJAMIS
Gallo Claudio,Gallo Claudio,HADA UBILLA,15.845.254-5,AV. LOS CERRILLOS 1430,av los cerrillos 1430,Cerrillos,Santiago,12:00 - 20:00,"$78,960",1,,CAJA,,hadaubilla2@gmail.com,VENTAS ,FJAMIS
Furay Roll,Furay Roll,GASTRONÓMICA BRANDENBERG & KANTEROVITZ LIMITADA,77.120.186-5,PIRAMIDE 901,pirámide 901,San Miguel,Santiago,12:00 - 20:00,"$78,960",30,,CAJA,,furay.roll@gmail.com,VENTAS ,FJAMIS
Frutería 4269,Frutería 4270,DISTRIBUIDOR DE FRUTAS Y VERDURAS CHILE 4270 SPA,77.825.377-1,Avenida Concón Reñaca N° 480 local 2,avenida concón reñaca n° 480 local 2,Concon,Valparaíso,08:00 - 21:00,"$78,960",30,,CAJA,,fruteria4270@gmail.com,VENTAS ,FJAMIS
Frozt,Frozt,ALTOS DEL CLARILLO SPA,77.781.021-9,Camino Alicia Valdés . Lote 4. Hijuela 3. Fundó Santa Alicia. Comuna Pirque. Santiago. Chile,santa margarita calle interior nueva 01184,San Bernardo,Santiago,8.30 a 17 hs,"$78,960",1,,CAJA,,mgarcesv@frozt.cl,VENTAS ,FJAMIS
Frozen House,Frozen House,FROZEN HOUSE SPA ,77.537.217-6,ENCOMENDEROS 212,encomenderos 212,Las Condes,Santiago,10:00 - 20:00,"$78,960",1,,CAJA,,frozenhouse.chile@gmail.com,VENTAS ,FJAMIS
Frest,Frest Independencia,FREST SPA,77.648.636-1,Hernando de Aguirre 162 OF 303,bélgica 1539,Independencia,Santiago,09:00 - 16:00,"$78,960",30,Revisar OC,CAJA,,glenda@frest.cl,VENTAS ,FJAMIS
Frest,Frest California,FREST SPA,77.648.636-1,Hernando de Aguirre 162 OF 303,california 2312 local 103,Providencia,Santiago,08:00 - 17:00,"$78,960",30,Revisar OC,CAJA,,glenda@frest.cl,VENTAS ,FJAMIS
Frest,Frest Colon,FREST SPA,77.648.636-1,Hernando de Aguirre 162 OF 303,cristóbal colón 6555 local 5,Las Condes,Santiago,08:00 - 17:00,"$78,960",30,Revisar OC,CAJA,,glenda@frest.cl,VENTAS ,FJAMIS
Frest,Frest El Vergel,FREST SPA,77.648.636-1,Hernando de Aguirre 162 OF 303,el vergel 2405 local 102,Providencia,Santiago,08:00 - 17:00,"$78,960",30,Revisar OC,CAJA,,glenda@frest.cl,VENTAS ,FJAMIS
Frest,Frest Eliodoro,FREST SPA ,77.648.636-1,Hernando de Aguirre 162 OF 303,eliodoro yañez 2648,Providencia,Santiago,08:00 - 17:00,"$78,960",30,Revisar OC,CAJA,,glenda@frest.cl,VENTAS ,FJAMIS
Frest,Frest La Dehesa,FREST SPA ,77.648.636-1,Hernando de Aguirre 162 OF 303,la dehesa 1500 local 7,Lo Barnechea,Santiago,08:00 - 17:00,"$78,960",30,Revisar OC,CAJA,,glenda@frest.cl,VENTAS ,FJAMIS
Frest,Frest Los Leones,FREST SPA ,77.648.636-1,Hernando de Aguirre 162 OF 303,los leones 2571 local 107,Providencia,Santiago,08:00 - 17:00,"$78,960",30,Revisar OC,CAJA,,glenda@frest.cl,VENTAS ,FJAMIS
Frest,Frest Los Militares,FREST SPA ,77.648.636-1,Hernando de Aguirre 162 OF 303,los militares 5001 local 101,Las Condes,Santiago,08:00 - 17:00,"$78,960",30,Revisar OC,CAJA,,glenda@frest.cl,VENTAS ,FJAMIS
Frest,Frest Pedro de Valdivia,FREST SPA,77.648.636-1,Hernando de Aguirre 162 OF 303,pedro de valdivia 2437 local 102,Providencia,Santiago,08:00 - 17:00,"$78,960",30,Revisar OC,CAJA,,glenda@frest.cl,VENTAS ,FJAMIS
Francois Cafetería,Francois Cafetería,INVERSIONES FRANOIS SPA,77.243.065-5,Av santa Amalia oriente 1033,av santa amalia oriente 1033,La Florida,Santiago,08:00 - 16:00,"$78,960",1,,CAJA,,Maxgaray7@gmail.com,VENTAS ,FJAMIS
Fork,Fork,BETTER FOOD SPA,76.307.414-5,Av. Américo Vespucio 1710 Quilicura,americo vespucio 1650,Quilicura,Santiago,08:00 - 14:30,"$60,000",30,Revisar OC,CAJA,,compras@betterfood.cl,VENTAS ,FJAMIS
Foodmarket La Vega,Foodmarket La Vega,FOODMARKET SPA,77.648.921-2,ANTONIA LOPEZ DE BELLO 743,antonia lopez de bello 743 local 266 la,Recoleta,Santiago,09:00 - 17:00,"$78,960",1,,CAJA,,foodmarketvegacentral@gmail.com,VENTAS ,FJAMIS
Fast Company,Fast Company,247 FAST COMPANY SPA,77.902.616-7,Ossa 2280,av ossa 2280,La Reina,Santiago,10:00 - 19:00,$78.960,1,,CAJA,,24.7fastgood@gmail.com,VENTAS ,FNASSAR
Faro Emporio,Faro Emporio,FARO EMPORIO SPA,77.196.705-1,AV COSTA DE MONTEMAR 264 LOCAL 102,av costa de montemar 264 local 102 concon,Concón,Valparaíso,10:00 - 21:00,"$78,960",1,,CAJA,,vmansillar@faro-emporio.cl,VENTAS ,FJAMIS
Entretazas,Entretazas Lo Barnechea (Craighouse),EMPORIO Y CAFETERÍA SPA,77.581.179-K,BRISAS DE CHICUREO,av paseo pie andino 8837,Lo Barnechea,Santiago,15:00 - 19:00,"$78,960",30,,CAJA,,entretazaschicureo@gmail.com,VENTAS ,FJAMIS
Entre Mar y Tierra,Entre Mar y Tierra,ENTRE MAR Y TIERRA SPA,76.710.179-1,BASTERRICA 35 OF. DEPTO A,basterrica 35 a,Peñaflor,Santiago,,"$78,960",1,,CAJA,,contadorauditorcgm@gmail.com,VENTAS ,FJAMIS
Emporio La Plaza,Emporio La Plaza,ALIMENTOS BRAVO LIMITADA,76.361.328-3,VALENZUELA LLANOS 1342 OF. DEPTO L-8,valenzuela llanos 1342 local 8,La Reina,Santiago,10:00 - 18:00,"$78,960",1,,CAJA,,emporiolaplaza@gmail.com,VENTAS ,FJAMIS
Emporio Italia,Emporio Italia,ALMACÉN MADRID SPA ,77.159.336-4,Walker 602,walker 602,Recreo,Valparaíso,10:00 - 20:00,"$78,960",30,,CAJA,,,VENTAS ,FJAMIS
Emporio Calathea,Emporio Calathea,CALATHEA SPA,77.548.005-K,ARRIETA CAÑAS 5726,arrieta cañas 5726,La Reina,Santiago,08:00 - 20:00,"$78,960",1,,CAJA,,emporiocalathea@gmail.com,VENTAS ,FJAMIS
Emporio Aurora,Emporio Aurora,COMERCIAL ABA SPA ,77.976.216-5,GERTRUDIS ECHENIQUE 287,gertrudis echeñique 287,Las Condes,Santiago,10:00 - 18:00,$78.960,1,,CAJA,,emporioaurora24@gmail.com,VENTAS ,FJAMIS
Emporio Amelia,Emporio Amelia,EMPORIO AMELIA SPA,76.464.625-8,AMELIA VIAL 1843,amelia vial 1843,Providencia,Santiago,10:30 - 19:30,"$78,960",30,,CAJA,, emporiodeamelia@gmail.com  ,VENTAS ,FJAMIS
El Refugio Minimarket,El Refugio Minimarket,COMERCIAL EL REFUGIO LIMITADA ,77.209.440-K,ENCOMENDEROS 208 OF. DEPTO L. 6,encomenderos 208,Las Condes,Santiago,09:00 - 16:00,$78.960,CHEQUE,,CAJA,,pilarurzua98@gmail.com,VENTAS ,FJAMIS
El Faro Algarrobo,El Faro Algarrobo,EL FARO DE ALGARROBO SPA,77.747.101-5,Carlos Alessandri 120. Algarrobo.,carlos alessandri 120 ,Algarrobo,Valparaíso,-,"$78,960",1,,CAJA,,sofiamaite.parada@gmail.com,VENTAS ,FJAMIS
El Cafe Rosa Concon,El Cafe Rosa Concon,INVERSIONES MONTEMAR LIMITADA (77.256.613-1),77.256.613-1,LAS PELARGONIAS 840,las pelargonias 840,Concon,Valparaíso,12:00 - 17:00,"$78,960",30,,CAJA,,orfalimauricio@gmail.com ,VENTAS ,FJAMIS
Ecotienda Pewen,Ecotienda Pewen,MENERCO SPA,76.806.764-3,AV SUCRE 431,av sucre 431,Ñuñoa,Santiago,10:00 - 20:00,"$78,960",1,,CAJA,,pablo.cordero.m@gmail.com,VENTAS ,FJAMIS
Dulceria Montolin,Dulceria Montolin La Reina,COMERCIAL R Y V S A,76.632.500-9,LUIS PASTEUR 6199,avossa 1139,La Reina,Santiago,09:00 - 18:00,"$78,960",30,,CAJA,,pedro.delano@dulceriamontolin.cl ,VENTAS ,FJAMIS
Dulceria Montolin,Dulceria Montolin Vitacura,COMERCIAL R Y V S A,76.632.500-9,LUIS PASTEUR 6199,luis pasteur 6199,Vitacura,Santiago,09:00 - 18:00,"$78,960",30,,CAJA,,pedro.delano@dulceriamontolin.cl ,VENTAS ,FJAMIS
Dulcería Frutillar,Dulceria Frutillar Colón,SERVICIOS ALIMENTICIOS DELICIOSO  LTDA,78.055.830-k,Avenida Cristóbal Colón 5300,avenida cristóbal colón 5300,Las Condes,Santiago,11:00 - 18:00,"$78,960",1,,CAJA,,pabloaguirrep@gmail.com,VENTAS ,FNASSAR
Dos Peces,Dos Peces,ALIMENTOS CCE SPA,77.189.489-5,Providencia 1208 of 207. Providencia,estoril 785,Vitacura,Santiago,09:00 - 18:00,"$78,960",30,,CAJA,,contacto@dospeces.cl.,VENTAS ,FNASSAR
Donde Carlos,Donde Carlos,INVERSIONES RIQUELME HERRERA SPA,77.331.463-2,Tobalaba 1509,tobalalaba 1509,Providencia,Santiago,10:00 - 20:00,"$78,960",1,,CAJA,,Ce.riquelmeh@gmail.com,VENTAS ,FJAMIS
Distribuidora Campos De Hielo,Distribuidora Campos De Hielo,DISTRIBUIDORA CAMPOS DE HIELO SPA,77.229.962-1,ANA MARIA 1571,ana maria 1571,La Florida,Santiago,10 a 15 y 16 a 19:30,"$78,960",30,,CAJA,,ricardosuazo.l@hotmail.com,VENTAS ,FJAMIS
Del Caribe,Del Caribe,COMERCIALIZADORA DEL CARIBE LTDA.,76.544.940-5,AV PEDRO FONTOVA 6730,av pedro fontova 6730,Huechuraba,Santiago,10:00 - 17:00,"$78,960",30,,CAJA,,contacto@delcaribe.cl,VENTAS ,FJAMIS
De Pura Madre,De Pura Madre,DE PURA MADRE SPA,76.936.583-4,Vitacura 5342. Vitacura,vitacura 5342,Vitacura,Santiago,09:00 - 20:00,"$78,960",30,,CAJA,,comprasdpmadre@gmail.com,VENTAS ,FJAMIS
D'Fab,D' Fab NLC,AQUITANIA FOODS SPA,77.393.794-k,Jose Alcalde Delano 10581. Lo Barnechea,av presidente riesco 5537,Las Condes,Santiago,08:30 - 17:00,"$61,200",30,,CAJA,,ladehesa@dfab.cl  /  fcarey@dfab.cl,VENTAS ,FNASSAR
D'Fab,D' Fab Titanium,AQUITANIA FOODS SPA,77.393.794-k,Jose Alcalde Delano 10581. Lo Barnechea,av vitacura 2874 local 103a,Las Condes,Santiago,10:00 - 18:00,"$61,200",30,,CAJA,,ladehesa@dfab.cl  /  fcarey@dfab.cl,VENTAS ,FNASSAR
D'Fab,D' Fab La Dehesa,AQUITANIA FOODS SPA ,77.393.794-k,Jose Alcalde Delano 10581. Lo Barnechea,josé alcalde délano 10581,Lo Barnechea,Santiago,08:00 - 17:00,"$61,200",30,,CAJA,,Proveedores@fab.cl,VENTAS ,FNASSAR
D'Fab,D' Fab Los Militares,AQUITANIA FOODS SPA,77.393.794-k,Jose Alcalde Delano 10581. Lo Barnechea,los militares 4765 local 102,Las Condes,Santiago,08:00 - 17:00,"$61,200",30,,CAJA,,ladehesa@dfab.cl  /  fcarey@dfab.cl,VENTAS ,FJAMIS
Costa Mai,Costa Mai,BONDI SERVICIOS SPA,76.832.241-4,MANQUEHUE SUR 832,manquehue sur 832 local 4,Las Condes,Santiago,11:00 - 18:00,"$78,960",30,,CAJA,,ventas@costamaichile.cl,VENTAS ,FJAMIS
Corrales del Sur,Corrales del Sur Providencia,COMERCIAL LAS INVERNADAS S A,76.228.541-K,AV LUIS PASTEUR 6093,av salvador 1538,Providencia,Santiago,10:00 - 20:00,"$78,960",30,Revisar OC,UNIDADES,,vitacura@corralesdelsur.cl,VENTAS ,FJAMIS
Corrales del Sur,Corrales del Sur Vitacura,COMERCIAL LAS INVERNADAS S A,76.228.541-K,AV LUIS PASTEUR 6093,calle luis pasteur 6093,Vitacura,Santiago,10:00 - 20:00,"$78,960",30,Revisar OC,UNIDADES,,vitacura@corralesdelsur.cl,VENTAS ,FJAMIS
CoolCats Cafe,CoolCats Cafe,COOLCATS CAFÉ SPA,77.560.923-0,AV LOS LEONES,av los leones 1020,Providencia,Santiago,08:00 - 19:00,"$78,960",1,,CAJA,,thecoolcatshouse@gmail.com,VENTAS ,FJAMIS
Connors,Connors,ESTHER YESSICA FERNANDEZ DIAZ,22.628.333-1,LOS TRES ANTONIOS,los tres antonios 16,Nuñoa,Santiago,09:30 - 20:00,"$78,960",1,,CAJA,,Jessica12737337@gmail.com,VENTAS ,FJAMIS
Connors,Connors Nuñoa,ESTHER YESSICA FERNANDEZ DIAZ,22.628.333-1,LOS TRES ANTONIOS,ramón puelma 2495,Ñuñoa,Santiago,09:30 - 20:00,"$78,960",1,,CAJA,,Jessica12737337@gmail.com,VENTAS ,FJAMIS
Congelados Pingui,Congelados Pingui,CONGELADOS PINGUI SPA ,77.800.381-3,Gran Avenida 4770 A. San Miguel,gran avenida 4770 local a,San Miguel,Santiago,09:00 - 20:30,"$78,960",1,,CAJA,,enzo.capitani432@gmail.com,VENTAS ,FJAMIS
Congelados Lonquimay,Congelados Lonquimay,SOCIEDAD COMERCIAL LONQUIMAY SPA,76.777.718-3,AVDA. JUAN LUIS DIEZ 1900 LOCAL 06,RETIRO,,Maule,,"$78,960",1,,CAJA,,INGRIDHEVIAR@GMAIL.COM,VENTAS ,FJAMIS
Congelados La Nevera,Congelados La Nevera,COMERCIALIZADORA LA NEVERA,77.916.223-0,Manquehue sur 1626. Las Condes,manquehue sur 1626,Las Condes,Santiago,10:00 - 19:00,"$78,960",1,,CAJA,,fevicuna@gmail.com,VENTAS ,FJAMIS
Congelados Alto Maipu,Congelados Alto Maipu,CONGELADOS ALTOS MAIPU SPA,76.970.927-4,av pajaritos 3436,av pajaritos 3436,Maipu,Santiago,10:30 - 17:00,"$78,960",30,,CAJA,,congeladosaltomaipu@hotmail.com,VENTAS ,FJAMIS
Confiteria Torres,Confiteria Torres,ESTABLECIMIENTOS GASTRONOMICOS TORRES S.A.,76.452.810-7,ISIDORA GOYENECHEA 2962,isidora goyenechea 2962,Las Condes,Santiago,09:00 - 20:00,"$78,960",30,,CAJA,,isidora@confiteriatorres.cl,VENTAS ,FJAMIS
Como Pan,Como Pan,PANADERÍA ARTESANAL COMO PAN SPA,76.957.153-1,LAS TOSCAS 77 SANTA CECILIA,santiaguillo 1070 (transportes bull express),Santiago Centro,Santiago,15:00 - 18:00,"$78,960",1,,CAJA,,comopan.panaderia@gmail.com,VENTAS ,FJAMIS
Comercial Binder,Comercial Binder,COMERCIAL BINDER LTDA,77.644.820-6,PARQUE SAN JOAQUIN 8,camino a melipilla 11030,Maipu,Santiago,11:30 - 13:00,"$67,200",30,Revisar OC,CAJA,,vzapata@cbinder.cl,VENTAS ,FNASSAR
Club Sirio Unido,Club Sirio Unido,SABAGH SPA,77.749.624-7,VITACURA 8751,av vitacura 8751,Vitacura,Santiago,15.30 a 18.00 (LUNES CERRADO),"$78,960",30,,CAJA,,mauriciosabaghh@gmail.com,VENTAS ,FJAMIS
Club Palestino,Club Palestino,ADMINISTRADORA CLUB PALESTINO SA,96.627.720-3,AV KENNEDY 9351,av kennedy 9351,Las Condes,Santiago,08:00 - 15:00,"$78,000",30,,CAJA,,Josefina.salinas@clubpalestino.cl,VENTAS ,FJAMIS
Club Aeropadel (Babaganoush),Club Aeropadel (Babaganoush),SERVICIOS Y EVENTOS LIMITADA ,76.520.713-4,AV TOBALABA 6779,nueva larrain 8320,La Reina,Santiago,14:00 - 20:00,"$78,960",1,,CAJA,,hanan.espinoza@gmail.com,VENTAS ,FJAMIS
City Foodmarket,City Foodmarket,CAFETERIA Y HELADERIA HYM LTDA,77.929.597-4,Los Militares 4765  Local 102  Patio Apoquindo,los militares 4765 local 102 patio apoquindo,Las Condes,Santiago,9.30 - 16:00 hs,"$78,960",1,,CAJA,,munjin.radoslav@gmail.com,VENTAS ,FJAMIS
Casa Salvo,Casa Salvo,INVERSIONES NAGUA SPA,77.634.818-K,GENERAL SALVO 20,general salvo 20,Providencia,Santiago,09:00 - 18:00,"$78,960",30,,CAJA,,casasalvocl@gmail.com,VENTAS ,FJAMIS
Casa Filippa,Casa Filippa,CRF SPA,77.898.703-1,RENATO SANCHEZ 3779,renato sanchez 3779,Las Condes,Santiago,10:00 - 19:00,"$78,960",30,,CAJA,,,VENTAS ,FERNANDO ALID
Casa Colchagua,Casa Colchagua,INVERSIONES GASTRONOMICAS VPV LIMITADA,76.336.316-3,CAMINO LOS BOLDOS,renato sanchez 3779,Las Condes,Santiago,10:00 - 16:00,"$78,960",1,,CAJA,,ccolchagua@gmail.com,VENTAS ,FJAMIS
Canastas Santa Margarita,Canastas Santa Margarita,SANTA MARGARITA RETAIL SPA,77.299.637-3,SANTA MARTA DE HUECHURABA 7000,av sta marta de huechuraba 7000 local 1,Huechuraba,Santiago,08:00 - 22:00,"$78,960",30,,CAJA,,dannymaluenda@gmail.com ,VENTAS ,FJAMIS
Campomarzio,Campomarzio,FUTURA SPA,77.244.534-2,Los Leones 2475,los leones 2475,Providencia,Santiago,11:00-13:00 y 17:00 en adelante,"$78,960",30,,CAJA,,victorurqueta@gmail.com.,VENTAS ,FJAMIS
Campo y Hielo,Campo y Hielo,CAMPO Y HIELO SPA,76.630.896-1,Almirante Simpson 674,avda lo espejo n° 01565 calle 7 sur bodega 705,Lo Espejo,Santiago,08:00 - 10:30,"$78,960",30,,CAJA,,campoyhielo@gmail.com,VENTAS ,FJAMIS
Calabaza Almacén,Calabaza Almacén,MIA BODEGA LIMITADA,77.497.313-3,Av. Concón Reñaca 102. Local 4 y 5,av concón reñaca 102 local 4 y 5,Concón,Valparaíso,09:00 - 20:00,$78.960,1,,CAJA,,calabazaalmacen@gmail.com,VENTAS ,FJAMIS
Cafeteria Los Tulipanes,Cafeteria Los Tulipanes,LOS TULIPANES INVERSIONES SPA,77.513.087-3,LOTE Q4. KM 1 CAMINO LAS 0. SECTOR EL QUIJOTE,av lo espejo 01565 calle 7 bodega 705,Lo Espejo,Santiago,08:00 - 10:30,"$78,960",1,,CAJA,,hectoromeroalarcon@gmail.com,VENTAS ,FJAMIS
Café Paula Viña,Café Paula Viña,COBRAR SPA,77.650.627-3,6 NORTE 402 428 VINA DEL MAR,6 norte 402 esquina 3 poniente,Viña del Mar,Valparaíso,10:00 - 20:00,$78.960,1,,CAJA,,rcortes26@hotmail.com,VENTAS ,FJAMIS
Café Paula,Café Paula,INVERSIONES Y SERVICIOS GC SPA,76.954.987-0,FRANCISCO DE VILLAGRA 125,francisco de villagra 125 local c,Ñuñoa ,Santiago,09:00 - 21:00,"$78,960",NOTA DE VENTA (CONTADO),,CAJA,,a.gougain@gmail.com,VENTAS ,FJAMIS
Cafe Nomade,Café Nómade Isidora,CAFETERÍAS MISTER SPA ,76.571.671-3,ISIDORA GOYENECHE 3400,isidora goyenechea 3400,Las Condes,Santiago,08:00 - 17:00,"$78,960",30,,CAJA,,Valesaltarini@cafenomade.cl ,VENTAS ,FJAMIS
Cafe Nogal,Cafe Nogal,RESTAURANTE VIVIANA ROJAS GOMEZ E.I.R.L.,77.138.664-4,"Camino Pimpinela s/n, Requinoa",Camino Pimpinela s/n,Requinoa,Ohiggins,,"$78,960",30,,CAJA,,viviana.rojas.g@outlook.es,VENTAS ,FJAMIS
Café Casa Colón,Café Casa Colón,INVERSIONES CASA COLON SPA,77.868.029-7,Av. Cristóbal Colón 3018,av cristóbal colón 3018,Las Condes,Santiago,10:00 - 18:00,"$78,960",1,,CAJA,,smeneses@nutriservice.cl,VENTAS ,FJAMIS
Cafe Aloe,Cafe Aloe,LA CHÍA SPA,77.811.552-2,Camino a farellones 14345. Local 1,camino a farellones 14345 local 1,Las Condes,Santiago,09:00 - 19:00,"$78,960",1,,CAJA,,lachiaspa@gmail.com,VENTAS ,FJAMIS
By Sal,By Sal,BY SAL LIMITADA,77.311.988-0,AV. EL RODEO 12850 L.71,av el rodeo 12850 local 71,Lo Barnechea,Santiago,10:00 - 20:00,"$78,960",1,,CAJA,,orojas@bysal.cl,VENTAS ,FJAMIS
Burger Home,Burger Home,NICOLAS GARDILCIC Y COMPANIA LIMITADA,77.732.040-8,AV CENTRAL 191,av central 191,Reñaca Bajo,Valparaíso,13:00 - 21:00,"$78,960",30,,CAJA,,eduardog@sushihome.cl,VENTAS ,FJAMIS
Brot Market,Brot Market,GRUPO BISMARCK SPA,77.587.512-7,Aguas Claras 1700,aguas claras 1700 local 5,La Reina,Santiago,08:00 - 21:00,"$78,960",30,,CAJA,,mauricio.kahn@radetzky.org,VENTAS ,FJAMIS
Brot Market,Brot Market Apoquindo,GRUPO BISMARCK SPA,77.587.512-7,Aguas Claras 1700,avda apoquindo #4400 local n°115,Las Condes,Santiago,09:00 - 17:00,"$78,960",30,,CAJA,,mauricio.kahn@radetzky.org,VENTAS ,FJAMIS
Botillería Dina,Botillería Dina,SOCIAL JOSE ESFUERZO PERALTA,17.353.517-1,Torreblanca 91 reñaca viña del mar,torreblanca 91,Reñaca,Valparaíso,10:00 - 21:00,$78.960,1,,CAJA,,Joseperalta_acevedo@hotmail.com,VENTAS ,FJAMIS
Bosques del Zar,Bosques del Zar,BOSQUES DEL ZAR SPA ,76.742.244-k,Gerónimo de Alderete 1189 Local 2,gerónimo de alderete 1189 local 2,Vitacura,Santiago,10:00 a 13:00  y de 15:00 a 17:00,"$78,960",1,,CAJA,,andrescaprile@gmail.com,VENTAS ,FJAMIS
BOSA Helados,BOSA Helados,INVERSIONES ENZA SPA (77.307.688-K),77.307.688-k,LAS TRANQUERAS 1479,las tranqueras 1479,Vitacura,Santiago,11:00 - 18:00,"$78,960",30,,CAJA,,dorisng16@gmail.com,VENTAS ,FJAMIS
Borde Negro Pirque,Borde Negro Pirque,BORDE NEGRO SPA,77.947.062-8,LT 1 CHACRA EL HIGUERAL,ramón subercaseaux 3444,Pirque,Santiago,12:00 - 20:00,$78.960,1,,CAJA,,contacto@bordenegropirque.cl,VENTAS ,FJAMIS
Boni Market,Boni Market,POCURO S.A.,76.094.843-8,Pocuro 2904,pocuro 2904,Providencia,Santiago,11:00 - 17:00,"$78,960",30,,CAJA,,pocuro.bonimarket@gmail.com,VENTAS ,FJAMIS
Bocado Saludable,Bocado Saludable EIRL,COMERCIALIZADORA DE PRODUCTOS SALUDABLES WLADIMIR NAVARRETE ARRAÑO E.I ,76.877.443-9,LA RINCONADA 571,la rinconada 571 local c,Huechuraba,Santiago,09:00 - 19:00,"$78,960",30,,CAJA,,bocado.saludable@gmail.com,VENTAS ,FJAMIS
Blue Market,Blue Market,COMERCIAL VELÁSQUEZ Y ORELLANA LIMITADA,77.656.987-9,AV EGAÑA 252  LOCAL 2,av egaña 252 local 2,La Reina,Santiago,09:00 - 21:00,$78.960,CHEQUE,,CAJA,,comercialvelasquezyorellana@gmail.com,VENTAS ,FJAMIS
Big Toro,Big Toro,GASTRONOMIA DEL VALLE SPA,76.781.944-7,Avenida O higgins 1375 OF. DEPTO F,ambrosio o'higgins 1525,Curacaví,Santiago,,"$78,960",1,,CAJA,,matiasjavier.molina@gmail.com,VENTAS ,FJAMIS
Bidfood,Bidfood,BIDFOOD CHILE S.A.,76.111.152-3,LO ECHEVERERS 550,lo echevers nº 550 edificio 12,Quilicura,Santiago,09:00 - 13:00,$76.800,30,Revisar OC,CAJA,,compras@bidfood.cl,VENTAS ,FNASSAR
Berlin Doner Kebab,Berlin Doner Kebab,BERLIN DONER KEBAB SPA,77.122.297-8,GERONIMO DE ALDERETE 1579,gerónimo de alderete 1579,Vitacura,Santiago,9.30 a 17 hs,"$78,960",CHEQUE 30 DÍAS,,CAJA,,contacto@bdk.cl,VENTAS ,FJAMIS
Bellas Artes Gourmet Panadería,Bellas Artes Gourmet Panadería,VIVAS FOOD SPA,77.251.159-0,MERCED 571,merced 571,Santiago Centro,Santiago,10:00 - 19:00,"$78,960",10,,CAJA,,bellasartesgourmet@hotmail.com,VENTAS ,FJAMIS
Bellas Artes Gourmet,Bellas Artes Gourmet,SALINAS Y BRICENO LIMITADA,76.894.074-6,MONJITAS 507,monjitas 507,Santiago Centro,Santiago,10:00 - 18:00,"$78,960",30,,CAJA,,bellasartesgourmet@hotmail.com,VENTAS ,FJAMIS
BeFree,BeFree,BE FREE SPA,77.018.978-0,AV MANQUEHUE SUR 31 LOCAL 250,compañía de jesus 1214 local 202,Santiago Centro,Santiago,10.30 a 15 hs,"$78,960",1,,CAJA,,adelano@chilebefree.com,VENTAS ,FJAMIS
Batard,Batard Tobalaba,GASTRONOMICA GATTAS Y TORRES LIMITADA,76.451.659-1,av Ossa 1682,av tobalaba 1771,Providencia,Santiago,10:00 - 20:00,"$78,960",30,,CAJA,,hola@batard.cl,VENTAS ,FJAMIS
Batard,Batard Las Condes,GASTRONOMICA GATTAS Y TORRES LIMITADA,76.451.659-1,av Ossa 1682,hernando de magallanes 970,Las Condes,Santiago,10:00 - 20:00,"$78,960",30,,CAJA,,hola@batard.cl,VENTAS ,FJAMIS
Atenas Botillería,Atenas Botillería,SOCIEDAD GARRIDO MADRID SPA,77.150.462-0,AV GRECIA 2916,av grecia 2916,Ñuñoa,Santiago,12:30 - 20:00,"$78,960",1,,CAJA,,sociedadgarridomadrid@gmail.com,VENTAS ,FJAMIS
ASF Market,ASF Market Concon,COMERCIALIZADORA AGRICOLA ASF LIMITADA,76.489.070-1,Edmundo Eluchans 1850 Local 3,av concon reñaca 375 concon,Concon,Valparaíso,09:30 - 18:00,$78.960,30,,CAJA,,jfaks@gagchile.cl,VENTAS ,FJAMIS
ASF Market,ASF Market Reñaca,COMERCIALIZADORA AGRICOLA ASF LIMITADA,76.489.070-1,Edmundo Eluchans 1850 Local 3,av edmundo eluchans 1850 local 3,Reñaca,Valparaíso,09:30 - 18:00,$78.960,30,,CAJA,,jfaks@gagchile.cl,VENTAS ,FJAMIS
ASF Market,ASF Market Viña del Mar,COMERCIALIZADORA AGRICOLA ASF LIMITADA,76.489.070-1,Edmundo Eluchans 1850 Local 3,av valparaíso 401 local 3,Viña del Mar,Valparaíso,09:30 - 18:00,$78.960,30,,CAJA,,jfaks@gagchile.cl,VENTAS ,FJAMIS
ASF Market,ASF Market Curauma,COMERCIALIZADORA AGRICOLA ASF LIMITADA,76.489.070-1,Edmundo Eluchans 1850 Local 3,avenida ovispo valdés subercaseaux 396 local 4 ,Curauma,Valparaíso,09:30 - 18:00,$78.960,30,,CAJA,,jfaks@gagchile.cl,VENTAS ,FJAMIS
Appa Market,Appa Market,SOCIEDAD COMERCIAL HUBNER Y GATICA LIMITADA,77.928.605-3,1 norte 511c,1 norte 511c viña del mar,Viña del Mar,Valparaíso,09:00 - 19:00,"$78,960",1,,CAJA,,comercialhuga@gmail.com,VENTAS ,FJAMIS
Almazán,Almazán,EMPRESA DE SERVICIOS DE ALIMENTACION LIMITADA,76.497.391-7,Jose manuel cousiño 1835,av pocuro 2865-2875,Providencia,Santiago,09:30 - 19:00,"$78,960",CONTADO (NV),,CAJA,,Almazan.gourmet@gmail.com,VENTAS ,FJAMIS
Almasá,Almasá,ALMASA MERCADO DE ORIENTE SPA,77.266.548-2,AV SIMON BOLIVAR 4800,av simón bolívar 4800 loc 104,Ñuñoa ,Santiago,15:30 - 20:00,"$78,960",30,,CAJA,,Almasaemporio@gmail.com,VENTAS ,FJAMIS
All Free,All Free,ALLFREE SPA,76.773.009-8,APOQUINDO 7474,apoquindo 7474,Las Condes,Santiago,08:30 - 17:30,"$78,960",30,,CAJA,,fernanda.fache@allfree.cl,VENTAS ,FJAMIS
Alimentos del Pedregal,Del Pedregal Apoquindo,COMERCIAL QUINTO CENTRO SPA,76.096.373-9,Kurt Moller 199 Local 7,av apoquindo 7613,Las Condes,Santiago,10:00 - 18:00,"$71,760",45,Revisar OC,CAJA,,jcarcamo@alimentosdelpedregal.cl,VENTAS ,FJAMIS
Alimentos del Pedregal,Alimentos del Pedregal Puente Alto,COMERCIAL QUINTO CENTRO SPA,76.096.373-9,Kurt Moller 199 Local 7,av concha y toro 450,Puente Alto,Santiago,10:00 - 17:30,"$71,760",30,Revisar OC,CAJA,,jcarcamo@alimentosdelpedregal.cl,VENTAS ,FJAMIS
Alimentos del Pedregal,Alimentos Del Pedregal Reñaca,COMERCIAL QUINTO CENTRO SPA,76.096.373-9,Kurt Moller 199 Local 7,av ignacio carrera pinto 60,Viña del mar,Valparaíso,10:00 - 17:00,"$71,760",30,Revisar OC,CAJA,,jcarcamo@alimentosdelpedregal.cl,VENTAS ,FJAMIS
Alimentos del Pedregal,Alimentos del Pedregal La Dehesa,COMERCIAL QUINTO CENTRO SPA,76.096.373-9,Kurt Moller 199 Local 7,av la dehesa 1965,Lo Barnechea,Santiago,09:00 - 17:00,"$71,760",30,Revisar OC,CAJA,,jcarcamo@alimentosdelpedregal.cl,VENTAS ,FJAMIS
Alimentos del Pedregal,Alimentos del Pedregal Providencia,COMERCIAL QUINTO CENTRO SPA,76.096.373-9,Kurt Moller 199 Local 7,av providencia 1200,Providencia,Santiago,10:00 - 17:30,"$71,760",30,Revisar OC,CAJA,,jcarcamo@alimentosdelpedregal.cl,VENTAS ,FJAMIS
Alimentos del Pedregal,Alimentos del Pedregal Vitacura 2,COMERCIAL QUINTO CENTRO SPA,76.096.373-9,Kurt Moller 199 Local 7,av vitacura 7648,Vitacura,Santiago,10:00 - 17:00,"$71,760",30,Revisar OC,CAJA,,jcarcamo@alimentosdelpedregal.cl,VENTAS ,FJAMIS
Alimentos del Pedregal,Alimentos del Pedregal Viña,COMERCIAL QUINTO CENTRO SPA,76.096.373-9,Kurt Moller 199 Local 7,avenida valparaiso 121,Viña del mar,Valparaíso,10:00 - 17:00,"$71,760",30,Revisar OC,CAJA,,jcarcamo@alimentosdelpedregal.cl,VENTAS ,FJAMIS
Alimentos del Pedregal,Alimentos Del Pedregal San Bernardo,COMERCIAL QUINTO CENTRO SPA,76.096.373-9,Kurt Moller 199 Local 7,bernardo o'higgins 457,San Bernardo,Santiago,10:00 - 17:00,"$71,760",30,Revisar OC,CAJA,,jcarcamo@alimentosdelpedregal.cl,VENTAS ,FJAMIS
Alimentos del Pedregal,Alimentos del Pedregal Los Militares,COMERCIAL QUINTO CENTRO SPA,76.096.373-9,Kurt Moller 199 Local 7,los militares 5953,Las Condes,Santiago,10:00 - 17:30,"$71,760",30,Revisar OC,CAJA,,jcarcamo@alimentosdelpedregal.cl,VENTAS ,FJAMIS
Alimentos del Pedregal,Alimentos del Pedregal P de Valdivia,COMERCIAL QUINTO CENTRO SPA,76.096.373-9,Kurt Moller 199 Local 7,pedro de valdivia 247,Providencia ,Santiago ,09:00 - 17:00,"$71,760",30,Revisar OC,CAJA,,jcarcamo@alimentosdelpedregal.cl,VENTAS ,FJAMIS
Alimentos del Pedregal,Alimentos de Pedregal Valparaiso,COMERCIAL QUINTO CENTRO SPA,76.096.373-9,Kurt Moller 199 Local 7,pedro montt 1872,Valparaiso,Valparaíso,10:00 - 17:00,"$71,760",30,Revisar OC,CAJA,,jcarcamo@alimentosdelpedregal.cl,VENTAS ,FJAMIS
Alimentos del Pedregal,Alimentos del Pedregal Plaza Egaña,COMERCIAL QUINTO CENTRO SPA,76.096.373-9,Kurt Moller 199 Local 7,plaza egaña 38,Ñuñoa,Santiago ,09:00 - 17:00,"$71,760",30,Revisar OC,CAJA,,jcarcamo@alimentosdelpedregal.cl,VENTAS ,FJAMIS
Alimentos del Pedregal,Alimentos del Pedregal Franklin,COMERCIAL QUINTO CENTRO SPA,76.096.373-9,Kurt Moller 199 Local 7,san diego 2023,Santiago Centro,Santiago,12:00 - 19:00,"$71,760",30,Revisar OC,CAJA,,jcarcamo@alimentosdelpedregal.cl,VENTAS ,FJAMIS
Alimentos del Pedregal,Alimentos del Pedregal Vitacura 1,COMERCIAL QUINTO CENTRO SPA,76.096.373-9,Kurt Moller 199 Local 7,vitacura 5000,Vitacura,Santiago,10:00 - 17:00,"$71,760",30,Revisar OC,CAJA,,jcarcamo@alimentosdelpedregal.cl,VENTAS ,FJAMIS
Alfonsina Empanadas,Alfonsina Empanadas,ALFONSINA SPA,77.959.446-7,AV VITACURA 7128,av vitacura 7128 vitacura rm,Vitacura,Santiago,12:00 - 17:00,"$78,960",1,,CAJA,,hernan.gomez@alfonsinachile.cl,VENTAS ,FJAMIS
Al Jazeera,Al Jazeera Providencia,SERVICIOS GASTRONOMICOS ALJAZEERA SPA,76.192.723-K,HUERFANOS 1384 LC 4,guardia vieja 189,Providencia,Santiago,12:00 - 19:00,"$78,960",30,,CAJA,,Restaurantealjazeera@gmail.com,VENTAS ,FJAMIS
Al Jazeera,Al Jazeera Santiago,SERVICIOS GASTRONOMICOS ALJAZEERA SPA,76.192.723-K,HUERFANOS 1384 LC 4,huerfanos 1385,Santiago Centro,Santiago,12:00 - 19:00,"$78,960",30,,CAJA,,Restaurantealjazeera@gmail.com,VENTAS ,FJAMIS
ABC Market,ABC Market,GRUPO ABC RETAIL SPA ,77.794.915-2,LIRA 353,lira 353 local 8,Santiago Centro,Santiago,09:00 - 21:00,"$78,960",30,,CAJA,,matias.stephan03@gmail.com,VENTAS ,FNASSAR
360 Market,360 Market,INVERSIONES MARKET 360 SPA,77.597.814-7,PROVIDENCIA 1083 LC 2 BD 3 DPTO. 2,av providencia 1083,Providencia,Santiago,08:00 - 20:00,$78.960,1,,CAJA,,<inversionesmarket360@gmail.com>,VENTAS ,FJAMIS
Rienda Suelta,Rienda Suelta Providencia,CARNES RIENDA SUELTA SPA,77.187.019-8,Amapolas 1272,Amapolas 1272,Providencia,Santiago,10:00 - 19:00,$78.960,7,,CAJA,,oliverbeyzaga00@gmail.com ,VENTAS ,FJAMIS